scholarship_id,new_source_url,funder,scholarship_name_th,scholarship_name_en,award_value_tier,verification_status,funder_type,level,current_source_url,current_application_url
TD-0300,,มหาวิทยาลัยแห่งชาติออสเตรเลีย,,Australian Government Research Training Program (RTP) — ANU,full_ride,verified,International (open to Thais),,https://study-d.com/anu-scholarship/,https://study-d.com/anu-scholarship/
TD-0308,,สถาบันส่งเสริมการสอนวิทยาศาสตร์และเทคโนโลยี (พสวท.),,PSST (DPST) Path to Excellence Program 2570,full_ride,verified,Thai Government / Royal,High school,https://u-hit.net/scholarship-2/,https://u-hit.net/scholarship-2/
TD-0309,,ทุนในพระอุปถัมภ์ฯ,,Princess Sirivannavari Arts Scholarship 2569,full_tuition,verified,Thai Government / Royal,Undergraduate,https://u-hit.net/scholarship-2/,https://u-hit.net/scholarship-2/
TD-0004,,สำนักจุฬาราชมนตรี,ทุนการศึกษาจุฬาราชมนตรี ร่วมกับกองทุนเอ็มเอฟซี อิสลามิก ฟันด์,Chularajmontri + MFC Islamic Fund Scholarship 2569,medium,verified,Thai Government / Royal,Undergraduate,https://www.eduzones.com/2026/07/17/mif/,https://www.eduzones.com/2026/07/17/mif/
TD-0234,,กองทุนเปิดเอ็มเอฟซี อิสลามิก ฟันด์ ร่วมกับสำนักจุฬาราชมนตรี,,Chularatchamontri – MFC Islamic Fund Scholarship 2569,medium,verified,Corporate / Bank / Foundation,Undergraduate,https://www.eduzones.com/2026/07/17/mif/,https://www.eduzones.com/2026/07/17/mif/
TD-0243,,กองทุนเปิดเอ็มเอฟซี อิสลามิก ฟันด์ ร่วมกับสำนักจุฬาราชมนตรี,,Chularatchamontri x MFC Islamic Fund Scholarship 2569,medium,verified,Corporate / Bank / Foundation,,https://www.eduzones.com/2026/07/17/mif/,https://www.eduzones.com/2026/07/17/mif/
TD-0307,,สำนักจุฬาราชมนตรี / กองทุนเอ็มเอฟซี อิสลามิก ฟันด์,,Chularatchamontri – MFC Islamic Fund Scholarship 2569,medium,verified,Corporate / Bank / Foundation,Undergraduate,https://u-hit.net/scholarship-2/,https://u-hit.net/scholarship-2/
TD-0214,,มูลนิธิคุณแม่จินตนา ธนาลงกรณ์,,Khunmae Jintana Thanalongkorn Foundation Scholarship 2569,,verified,Corporate / Bank / Foundation,Multiple,https://study-d.com/scholarship-79/,https://study-d.com/scholarship-79/
TD-0289,,สำนักงานปลัดกระทรวงการอุดมศึกษา วิทยาศาสตร์ วิจัยและนวัตกรรม (อว.),,Princess Sirivannavari Arts Scholarship 2569,,verified,Thai Government / Royal,Undergraduate,https://gooduniversity.net/scholarship-76/,https://gooduniversity.net/scholarship-76/
TD-0710,,African Development Bank Group (AfDB),,African Development Bank-Japan Africa Dream Scholarship (AfDB-JADS) 2027,full_ride,Auto-extracted (confirm deadline + link),International (open to Thais),Master's,https://www.scholarshiptab.com/scholarships/african-development-bank-japan-africa-dream-scholarship-afdb-jads-2027,https://www.scholarshiptab.com/scholarships/african-development-bank-japan-africa-dream-scholarship-afdb-jads-2027
TD-0724,,University of Exeter,,A.S. Hornby Educational Trust Scholarship 2027-2028 at University of Exeter,full_ride,Auto-extracted (confirm deadline + link),International (open to Thais),Master's,https://www.scholarshiptab.com/scholarships/a-s-hornby-educational-trust-scholarship-2027-2028-at-university-of-exeter,https://www.scholarshiptab.com/scholarships/a-s-hornby-educational-trust-scholarship-2027-2028-at-university-of-exeter
TD-0752,,University of Oxford,,Weidenfeld-Hoffmann Scholarships and Leadership Programme 2027 at University of Oxford,full_ride,Auto-extracted (confirm deadline + link),International (open to Thais),,https://www.scholarshiptab.com/scholarships/weidenfeld-hoffmann-scholarships-and-leadership-programme-2027-at-university-of-oxford,https://www.scholarshiptab.com/scholarships/weidenfeld-hoffmann-scholarships-and-leadership-programme-2027-at-university-of-oxford
TD-0848,,MasterCard Foundation,,Mastercard Foundation AfOx Graduate Scholarships 2027,full_ride,Auto-extracted (confirm deadline + link),International (open to Thais),Master's,https://www.scholarshiptab.com/scholarships/mastercard-foundation-afox-graduate-scholarships-2026-2027,https://www.scholarshiptab.com/scholarships/mastercard-foundation-afox-graduate-scholarships-2026-2027
TD-0865,,MasterCard Foundation,,Mastercard Foundation Scholars Program at University of Edinburgh 2027,full_ride,Auto-extracted (confirm deadline + link),International (open to Thais),,https://www.scholarshiptab.com/scholarships/mastercard-foundation-scholars-program-at-university-of-edinburgh-2027,https://www.scholarshiptab.com/scholarships/mastercard-foundation-scholars-program-at-university-of-edinburgh-2027
TD-0874,,Government of Portugal,,Portugal Government Scholarship 2027,full_ride,Auto-extracted (confirm deadline + link),International (open to Thais),,https://www.scholarshiptab.com/scholarships/portugal-government-scholarship-2027,https://www.scholarshiptab.com/scholarships/portugal-government-scholarship-2027
TD-0900,,Ritsumeikan Asia Pacific University (APU),,APU MEXT University Recommendation (UR) Scholarship 2027,full_ride,Auto-extracted (confirm deadline + link),International (open to Thais),,https://www.scholarshiptab.com/scholarships/apu-mext-university-recommendation-ur-scholarship-2027,https://www.scholarshiptab.com/scholarships/apu-mext-university-recommendation-ur-scholarship-2027
TD-0975,,Hertie School,,Hertie Ax:son Johnson Scholarship in International Security 2027,full_ride,Auto-extracted (confirm deadline + link),International (open to Thais),Master's,https://www.scholarshiptab.com/scholarships/hertie-ax-son-johnson-scholarship-in-international-security-2027,https://www.scholarshiptab.com/scholarships/hertie-ax-son-johnson-scholarship-in-international-security-2027
TD-1171,,University Of Sydney,,University of Sydney Australian Government Research Training Program 2027,full_ride,Auto-extracted (confirm deadline + link),International (open to Thais),,https://www.scholarshiptab.com/scholarships/university-of-sydney-australian-government-research-training-program-2027,https://www.scholarshiptab.com/scholarships/university-of-sydney-australian-government-research-training-program-2027
TD-1579,,RMIT University,,2026 RMIT University PhD Scholarship in Parent-School Partnerships,full_ride,Auto-extracted (confirm deadline + link),International (open to Thais),PhD,https://www.scholarshiptab.com/scholarships/2026-rmit-university-phd-scholarship-in-parent-school-partnerships-for-students-with-disabilities,https://www.scholarshiptab.com/scholarships/2026-rmit-university-phd-scholarship-in-parent-school-partnerships-for-students-with-disabilities
TD-0697,,One Young World,,One Young World National Bursary for Job-Generating Entrepreneurs 2026,full_tuition,Auto-extracted (confirm deadline + link),International (open to Thais),,https://www.scholarshiptab.com/scholarships/one-young-world-national-bursary-for-job-generating-entrepreneurs-2026,https://www.scholarshiptab.com/scholarships/one-young-world-national-bursary-for-job-generating-entrepreneurs-2026
TD-0706,,Dufil Prima Foods Plc,,Indomie Scholarship Program 2026,full_tuition,Auto-extracted (confirm deadline + link),International (open to Thais),Undergraduate,https://www.scholarshiptab.com/scholarships/indomie-scholarship-program-2026,https://www.scholarshiptab.com/scholarships/indomie-scholarship-program-2026
TD-0742,,Clark University,,Clark University Presidential Scholarships 2027,full_tuition,Auto-extracted (confirm deadline + link),International (open to Thais),Undergraduate,https://www.scholarshiptab.com/scholarships/clark-university-presidential-scholarships-2027,https://www.scholarshiptab.com/scholarships/clark-university-presidential-scholarships-2027
TD-0753,,University of Oxford,,Skoll Scholarship 2027 at the University of Oxford,full_tuition,Auto-extracted (confirm deadline + link),International (open to Thais),,https://www.scholarshiptab.com/scholarships/skoll-scholarship-2027-at-the-university-of-oxford,https://www.scholarshiptab.com/scholarships/skoll-scholarship-2027-at-the-university-of-oxford
TD-0799,,University of Manchester,,University of Manchester Equity and Merit Scholarships 2027,full_tuition,Auto-extracted (confirm deadline + link),International (open to Thais),Master's,https://www.scholarshiptab.com/scholarships/university-of-manchester-equity-and-merit-scholarships-2027,https://www.scholarshiptab.com/scholarships/university-of-manchester-equity-and-merit-scholarships-2027
TD-0852,,Windsor Fellowship,,UCL Aspire Award Undergraduate Scholarship 2026,full_tuition,Auto-extracted (confirm deadline + link),International (open to Thais),Undergraduate,https://www.scholarshiptab.com/scholarships/ucl-aspire-award-undergraduate-scholarship-2026,https://www.scholarshiptab.com/scholarships/ucl-aspire-award-undergraduate-scholarship-2026
TD-0870,,European Union (EU),,MMoCRA Programme 2026,full_tuition,Auto-extracted (confirm deadline + link),International (open to Thais),,https://www.scholarshiptab.com/scholarships/mmocra-programme-2026,https://www.scholarshiptab.com/scholarships/mmocra-programme-2026
TD-0875,,Martingale Foundation,,Martingale Scholarship 2027,full_tuition,Auto-extracted (confirm deadline + link),International (open to Thais),,https://www.scholarshiptab.com/scholarships/martingale-scholarship-2027,https://www.scholarshiptab.com/scholarships/martingale-scholarship-2027
TD-0953,,University of Birmingham,,University of Birmingham Fully Funded PhD in Implementation Science 2027,full_tuition,Auto-extracted (confirm deadline + link),International (open to Thais),,https://www.scholarshiptab.com/scholarships/university-of-birmingham-fully-funded-phd-in-implementation-science-2027,https://www.scholarshiptab.com/scholarships/university-of-birmingham-fully-funded-phd-in-implementation-science-2027
TD-0954,,Hertie School,,Hertie Scholarship International Security Policy Scholarship 2027,full_tuition,Auto-extracted (confirm deadline + link),International (open to Thais),Master's,https://www.scholarshiptab.com/scholarships/hertie-scholarship-international-security-policy-scholarship-2027,https://www.scholarshiptab.com/scholarships/hertie-scholarship-international-security-policy-scholarship-2027
TD-0958,,Hertie School,,Hertie School Human Rights Scholarship 2027,full_tuition,Auto-extracted (confirm deadline + link),International (open to Thais),Master's,https://www.scholarshiptab.com/scholarships/hertie-school-human-rights-scholarship-2027,https://www.scholarshiptab.com/scholarships/hertie-school-human-rights-scholarship-2027
TD-0967,,The Gate Scholarship,,The Gates Scholarship 2027,full_tuition,Auto-extracted (confirm deadline + link),International (open to Thais),Undergraduate,https://www.scholarshiptab.com/scholarships/the-gates-scholarship-2027,https://www.scholarshiptab.com/scholarships/the-gates-scholarship-2027
TD-0970,,Hertie School,,Hertie School Digital Governance Scholarship 2027,full_tuition,Auto-extracted (confirm deadline + link),International (open to Thais),Master's,https://www.scholarshiptab.com/scholarships/hertie-school-digital-governance-scholarship-2026,https://www.scholarshiptab.com/scholarships/hertie-school-digital-governance-scholarship-2026
TD-0993,,Hertie School,,Hertie School Climate Action Scholarship 2027,full_tuition,Auto-extracted (confirm deadline + link),International (open to Thais),Master's,https://www.scholarshiptab.com/scholarships/hertie-school-climate-action-scholarship-2027,https://www.scholarshiptab.com/scholarships/hertie-school-climate-action-scholarship-2027
TD-1024,,University Of British Columbia,,University of British Columbia Dean's Entrance Scholarship 2027,full_tuition,Auto-extracted (confirm deadline + link),International (open to Thais),,https://www.scholarshiptab.com/scholarships/university-of-british-columbia-dean-s-entrance-scholarship-2027,https://www.scholarshiptab.com/scholarships/university-of-british-columbia-dean-s-entrance-scholarship-2027
TD-1046,,DAAD,,DAAD Double Degree Scholarship 2027,full_tuition,Auto-extracted (confirm deadline + link),International (open to Thais),Undergraduate,https://www.scholarshiptab.com/scholarships/daad-double-degree-scholarship-2027,https://www.scholarshiptab.com/scholarships/daad-double-degree-scholarship-2027
TD-1072,,University of New South Wales (UNSW),,"UNSW Scholarships for International Students Commencing Term 1, 2027",full_tuition,Auto-extracted (confirm deadline + link),International (open to Thais),Undergraduate,https://www.scholarshiptab.com/scholarships/unsw-scholarships-for-international-students-commencing-term-1-2027,https://www.scholarshiptab.com/scholarships/unsw-scholarships-for-international-students-commencing-term-1-2027
TD-1089,,South African Reserve Bank,,Master's in Data Science and Machine Learning Scholarship 2027,full_tuition,Auto-extracted (confirm deadline + link),International (open to Thais),Master's,https://www.scholarshiptab.com/scholarships/master-s-in-data-science-and-machine-learning-scholarship-2027,https://www.scholarshiptab.com/scholarships/master-s-in-data-science-and-machine-learning-scholarship-2027
TD-1090,,South African Reserve Bank,,South African Reserve Bank Art scholarship 2027,full_tuition,Auto-extracted (confirm deadline + link),International (open to Thais),Master's,https://www.scholarshiptab.com/scholarships/south-african-reserve-bank-art-scholarship-2027,https://www.scholarshiptab.com/scholarships/south-african-reserve-bank-art-scholarship-2027
TD-1151,,Kponee-Shovein Foundation,,Kponee-Shovein Foundation Scholarship Award 2026,full_tuition,Auto-extracted (confirm deadline + link),International (open to Thais),Undergraduate,https://www.scholarshiptab.com/scholarships/kponee-shovein-foundation-scholarship-award-2026,https://www.scholarshiptab.com/scholarships/kponee-shovein-foundation-scholarship-award-2026
TD-1197,,University College Birmingham,,University College Birmingham Vice-Chancellor's Award 2026 (Scholarship in UK),full_tuition,Auto-extracted (confirm deadline + link),International (open to Thais),Undergraduate,https://www.scholarshiptab.com/scholarships/university-college-birmingham-vice-chancellor-s-award-2026-scholarship-in-uk,https://www.scholarshiptab.com/scholarships/university-college-birmingham-vice-chancellor-s-award-2026-scholarship-in-uk
TD-1254,,Manchester Metropolitan University,,Manchester Metropolitan University Sanctuary Scholarship 2026,full_tuition,Auto-extracted (confirm deadline + link),International (open to Thais),Undergraduate,https://www.scholarshiptab.com/scholarships/manchester-metropolitan-university-sanctuary-scholarship-2026,https://www.scholarshiptab.com/scholarships/manchester-metropolitan-university-sanctuary-scholarship-2026
TD-1258,,Manchester United Foundation,,Manchester United Foundation Scholarship 2026,full_tuition,Auto-extracted (confirm deadline + link),International (open to Thais),Undergraduate,https://www.scholarshiptab.com/scholarships/manchester-united-foundation-scholarship-2026,https://www.scholarshiptab.com/scholarships/manchester-united-foundation-scholarship-2026
TD-1267,,Simmons University,,Simmons Distinguished Scholar Award 2026,full_tuition,Auto-extracted (confirm deadline + link),International (open to Thais),Undergraduate,https://www.scholarshiptab.com/scholarships/simmons-distinguished-scholar-award-2026,https://www.scholarshiptab.com/scholarships/simmons-distinguished-scholar-award-2026
TD-1323,,University of Miami,,University of Miami Ronald A. Hammond Scholarship 2026,full_tuition,Auto-extracted (confirm deadline + link),International (open to Thais),Undergraduate,https://www.scholarshiptab.com/scholarships/university-of-miami-ronald-a-hammond-scholarship-2026,https://www.scholarshiptab.com/scholarships/university-of-miami-ronald-a-hammond-scholarship-2026
TD-1355,,Berea College,,Berea College Scholarship for International Students in USA 2026,full_tuition,Auto-extracted (confirm deadline + link),International (open to Thais),Undergraduate,https://www.scholarshiptab.com/scholarships/berea-college-scholarship-for-international-students-in-usa-2026,https://www.scholarshiptab.com/scholarships/berea-college-scholarship-for-international-students-in-usa-2026
TD-1391,,Federal Government of Nigeria,,Federal Government of Nigeria Scholarship Program 2026,full_tuition,Auto-extracted (confirm deadline + link),International (open to Thais),Undergraduate,https://www.scholarshiptab.com/scholarships/federal-government-of-nigeria-scholarship-program-2026,https://www.scholarshiptab.com/scholarships/federal-government-of-nigeria-scholarship-program-2026
TD-0508,,มูลนิธิอานันทมหิดล,ทุนมูลนิธิอานันทมหิดล,Ananda Mahidol Foundation Scholarship,large,Auto-extracted (confirm deadline + link),Thai Government / Royal,Multiple,https://learninfinity.net/anandamahidol-foundation/,https://learninfinity.net/anandamahidol-foundation/
TD-0499,,มูลนิธิคุณแม่จินตนา ธนาลงกรณ์,ทุนมูลนิธิคุณแม่จินตนา ธนาลงกรณ์,Khun Mae Jintana Thanalongkorn Foundation Scholarship 2569,small,Auto-extracted (confirm deadline + link),Corporate / Bank / Foundation,Multiple,https://u-hit.net/the-khun-mae-jintana-thanalongkorn-foundation/,https://u-hit.net/the-khun-mae-jintana-thanalongkorn-foundation/
TD-0701,,Sheffield Hallam University,,White Rose funded PhD Scholarships 2027,stipend_only,Auto-extracted (confirm deadline + link),International (open to Thais),PhD,https://www.scholarshiptab.com/scholarships/white-rose-funded-phd-scholarships-2027,https://www.scholarshiptab.com/scholarships/white-rose-funded-phd-scholarships-2027
TD-0714,,Ritsumeikan Asia Pacific University (APU),,APU Rotary Yoneyama Scholarship for Overseas Candidate 2027,stipend_only,Auto-extracted (confirm deadline + link),International (open to Thais),,https://www.scholarshiptab.com/scholarships/apu-rotary-yoneyama-scholarship-for-overseas-candidate-2027,https://www.scholarshiptab.com/scholarships/apu-rotary-yoneyama-scholarship-for-overseas-candidate-2027
TD-0717,,University of Melbourne,,Chris Murray and Bridie Jean Butterfield Scholarship in Environmental Law at University of Melbourne 2027,stipend_only,Auto-extracted (confirm deadline + link),International (open to Thais),Master's,https://www.scholarshiptab.com/scholarships/chris-murray-and-bridie-jean-butterfield-scholarship-in-environmental-law-at-university-of-melbourne-2027,https://www.scholarshiptab.com/scholarships/chris-murray-and-bridie-jean-butterfield-scholarship-in-environmental-law-at-university-of-melbourne-2027
TD-0720,,University of Melbourne,,Alex Chernov Scholarship at University of Melbourne 2027,stipend_only,Auto-extracted (confirm deadline + link),International (open to Thais),Master's,https://www.scholarshiptab.com/scholarships/alex-chernov-scholarship-at-university-of-melbourne-2027,https://www.scholarshiptab.com/scholarships/alex-chernov-scholarship-at-university-of-melbourne-2027
TD-0739,,University of Southern Queensland,,UniSQ Domestic and International MRES Scholarship 2027,stipend_only,Auto-extracted (confirm deadline + link),International (open to Thais),Master's,https://www.scholarshiptab.com/scholarships/unisq-domestic-and-international-mres-scholarship-2027,https://www.scholarshiptab.com/scholarships/unisq-domestic-and-international-mres-scholarship-2027
TD-0745,,Leeds University Business School,,Leeds University Business School PhD in Marketing Excellence Scholarships 2026/27,stipend_only,Auto-extracted (confirm deadline + link),International (open to Thais),PhD,https://www.scholarshiptab.com/scholarships/leeds-university-business-school-phd-in-marketing-excellence-scholarships-2026-27,https://www.scholarshiptab.com/scholarships/leeds-university-business-school-phd-in-marketing-excellence-scholarships-2026-27
TD-0748,,Wageningen University & Research,,Wageningen University Scholarship in Netherlands 2027,stipend_only,Auto-extracted (confirm deadline + link),International (open to Thais),,https://www.scholarshiptab.com/scholarships/wageningen-university-scholarship-in-netherlands-2027,https://www.scholarshiptab.com/scholarships/wageningen-university-scholarship-in-netherlands-2027
TD-0758,,University of Southern Queensland,,UniSQ Domestic PhD Stipend Scholarship 2027,stipend_only,Auto-extracted (confirm deadline + link),International (open to Thais),PhD,https://www.scholarshiptab.com/scholarships/unisq-domestic-phd-stipend-scholarship-2027,https://www.scholarshiptab.com/scholarships/unisq-domestic-phd-stipend-scholarship-2027
TD-0835,,University of Cambridge,,Queens College Junior Research Fellowships/Early Career Fellowships 2027,stipend_only,Auto-extracted (confirm deadline + link),International (open to Thais),,https://www.scholarshiptab.com/scholarships/queens-college-junior-research-fellowships-early-career-fellowships-2027,https://www.scholarshiptab.com/scholarships/queens-college-junior-research-fellowships-early-career-fellowships-2027
TD-0841,,Murdoch University,,Murdoch University Research Training Program Stipends (Domestic students) 2027,stipend_only,Auto-extracted (confirm deadline + link),International (open to Thais),,https://www.scholarshiptab.com/scholarships/murdoch-university-research-training-program-stipends-domestic-students-2027,https://www.scholarshiptab.com/scholarships/murdoch-university-research-training-program-stipends-domestic-students-2027
TD-0843,,Murdoch University,,Murdoch University Research Training Program Stipends (International students) 2027,stipend_only,Auto-extracted (confirm deadline + link),International (open to Thais),,https://www.scholarshiptab.com/scholarships/murdoch-univeristy-research-training-program-stipends-international-students-2027,https://www.scholarshiptab.com/scholarships/murdoch-univeristy-research-training-program-stipends-international-students-2027
TD-0844,,University of Freiburg,,FRIAS Fellowship Programmes 2027-2028,stipend_only,Auto-extracted (confirm deadline + link),International (open to Thais),,https://www.scholarshiptab.com/scholarships/frias-fellowship-programmes-2027-2028,https://www.scholarshiptab.com/scholarships/frias-fellowship-programmes-2027-2028
TD-0871,,Rosa-Luxemburg-Stiftung (RLS),,Rosa Luxemburg Foundation Scholarship 2027,stipend_only,Auto-extracted (confirm deadline + link),International (open to Thais),,https://www.scholarshiptab.com/scholarships/rosa-luxemburg-foundation-scholarship-2027,https://www.scholarshiptab.com/scholarships/rosa-luxemburg-foundation-scholarship-2027
TD-0877,,Macquarie University,,Sydney Quantum Academy PhD scholarships 2026,stipend_only,Auto-extracted (confirm deadline + link),International (open to Thais),PhD,https://www.scholarshiptab.com/scholarships/sydney-quantum-academy-phd-scholarships-2026,https://www.scholarshiptab.com/scholarships/sydney-quantum-academy-phd-scholarships-2026
TD-0884,,Griffith University,,Griffith University Disability Scholars Research Scholarship (GUDSRS) 2027,stipend_only,Auto-extracted (confirm deadline + link),International (open to Thais),,https://www.scholarshiptab.com/scholarships/griffith-university-disability-scholars-research-scholarship-gudsrs-2027,https://www.scholarshiptab.com/scholarships/griffith-university-disability-scholars-research-scholarship-gudsrs-2027
TD-0895,,Griffith University,,Griffith University Postgraduate Research Scholarships (GUPRS) 2027,stipend_only,Auto-extracted (confirm deadline + link),International (open to Thais),,https://www.scholarshiptab.com/scholarships/griffith-university-postgraduate-research-scholarships-guprs-2027,https://www.scholarshiptab.com/scholarships/griffith-university-postgraduate-research-scholarships-guprs-2027
TD-0903,,Monash University,,Co-funded Monash Graduate Scholarship (CF-MGS) 2026,stipend_only,Auto-extracted (confirm deadline + link),International (open to Thais),,https://www.scholarshiptab.com/scholarships/co-funded-monash-graduate-scholarship-cf-mgs-2026,https://www.scholarshiptab.com/scholarships/co-funded-monash-graduate-scholarship-cf-mgs-2026
TD-0906,,International Institute for Asian Studies (IIAS),,IIAS Asia in the World Fellowship 2027-2028,stipend_only,Auto-extracted (confirm deadline + link),International (open to Thais),,https://www.scholarshiptab.com/scholarships/iias-asia-in-the-world-fellowship-2027-2028,https://www.scholarshiptab.com/scholarships/iias-asia-in-the-world-fellowship-2027-2028
TD-0939,,University of Otago,,University of Otago International Academic Excellence Scholarship 2027,stipend_only,Auto-extracted (confirm deadline + link),International (open to Thais),Undergraduate,https://www.scholarshiptab.com/scholarships/university-of-otago-international-academic-excellence-scholarship-2027,https://www.scholarshiptab.com/scholarships/university-of-otago-international-academic-excellence-scholarship-2027
TD-0946,,Australian National University (ANU),,ANU Australian Government Research Training Program (RTP) Stipend Scholarship 2027,stipend_only,Auto-extracted (confirm deadline + link),International (open to Thais),,https://www.scholarshiptab.com/scholarships/anu-australian-government-research-training-program-rtp-stipend-scholarship-2027,https://www.scholarshiptab.com/scholarships/anu-australian-government-research-training-program-rtp-stipend-scholarship-2027
TD-0950,,Griffith University,,Griffith University Australian Government's Research Training Program (RTP) 2027,stipend_only,Auto-extracted (confirm deadline + link),International (open to Thais),,https://www.scholarshiptab.com/scholarships/griffith-university-australian-government-s-research-training-program-rtp-2027,https://www.scholarshiptab.com/scholarships/griffith-university-australian-government-s-research-training-program-rtp-2027
TD-0956,,Istituto Marangoni,,Istituto Marangoni Accommodation Bursary 2026,stipend_only,Auto-extracted (confirm deadline + link),International (open to Thais),Undergraduate,https://www.scholarshiptab.com/scholarships/istituto-marangoni-accommodation-bursary-2026,https://www.scholarshiptab.com/scholarships/istituto-marangoni-accommodation-bursary-2026
TD-0957,,Fulbright Program,,Fulbright Transatlantic Diplomacy Program (TAD) 2026,stipend_only,Auto-extracted (confirm deadline + link),International (open to Thais),Master's,https://www.scholarshiptab.com/scholarships/fulbright-transatlantic-diplomacy-program-tad-2026,https://www.scholarshiptab.com/scholarships/fulbright-transatlantic-diplomacy-program-tad-2026
TD-0977,,Flinders University,,Flinders University PhD Scholarship: Discovering the Chemical Signals that Activate Hidden Phages 2026,stipend_only,Auto-extracted (confirm deadline + link),International (open to Thais),PhD,https://www.scholarshiptab.com/scholarships/flinders-university-phd-scholarship-discovering-the-chemical-signals-that-activate-hidden-phages-2026,https://www.scholarshiptab.com/scholarships/flinders-university-phd-scholarship-discovering-the-chemical-signals-that-activate-hidden-phages-2026
TD-0978,,Queensland University of Technology (QUT),,QUT Research Training Program (RTP) Stipend Scholarship 2027,stipend_only,Auto-extracted (confirm deadline + link),International (open to Thais),,https://www.scholarshiptab.com/scholarships/qut-research-training-program-rtp-stipend-scholarship-2027,https://www.scholarshiptab.com/scholarships/qut-research-training-program-rtp-stipend-scholarship-2027
TD-0979,,Charles Sturt University,,Charles Sturt University AGRTP International Full-Time Scholarship 2028,stipend_only,Auto-extracted (confirm deadline + link),International (open to Thais),,https://www.scholarshiptab.com/scholarships/charles-sturt-university-agrtp-international-full-time-scholarship-2028,https://www.scholarshiptab.com/scholarships/charles-sturt-university-agrtp-international-full-time-scholarship-2028
TD-0982,,Queensland University of Technology (QUT),,QUT Postgraduate Research Award (QUTPRA) 2027,stipend_only,Auto-extracted (confirm deadline + link),International (open to Thais),,https://www.scholarshiptab.com/scholarships/qut-postgraduate-research-award-qutpra-2027,https://www.scholarshiptab.com/scholarships/qut-postgraduate-research-award-qutpra-2027
TD-1005,,University of Wollongong,,University Postgraduate Award (UPA) 2027,stipend_only,Auto-extracted (confirm deadline + link),International (open to Thais),,https://www.scholarshiptab.com/scholarships/university-postgraduate-award-upa-2027,https://www.scholarshiptab.com/scholarships/university-postgraduate-award-upa-2027
TD-1009,,University of Wollongong,,UOW Australian Government Research Training Program (AGRTP) Stipend Scholarship 2027,stipend_only,Auto-extracted (confirm deadline + link),International (open to Thais),,https://www.scholarshiptab.com/scholarships/uow-australian-government-research-training-program-agrtp-stipend-scholarship-2027,https://www.scholarshiptab.com/scholarships/uow-australian-government-research-training-program-agrtp-stipend-scholarship-2027
TD-1011,,American Association of University Women (AAUW),,American Doctoral Fellowship 2027,stipend_only,Auto-extracted (confirm deadline + link),International (open to Thais),,https://www.scholarshiptab.com/scholarships/american-doctoral-fellowship-2027,https://www.scholarshiptab.com/scholarships/american-doctoral-fellowship-2027
TD-1038,,Fogarty Global Health,,Fogarty NPGH Global Health Fellowship 2027,stipend_only,Auto-extracted (confirm deadline + link),International (open to Thais),,https://www.scholarshiptab.com/scholarships/fogarty-npgh-global-health-fellowship-2027,https://www.scholarshiptab.com/scholarships/fogarty-npgh-global-health-fellowship-2027
TD-1039,,Flinders University,,Flinders University Gary Curtis Leukemia Medical Research Scholarship 2026,stipend_only,Auto-extracted (confirm deadline + link),International (open to Thais),PhD,https://www.scholarshiptab.com/scholarships/flinders-university-gary-curtis-leukemia-medical-research-scholarship-2026,https://www.scholarshiptab.com/scholarships/flinders-university-gary-curtis-leukemia-medical-research-scholarship-2026
TD-1056,,Australian National University (ANU),,ANU University Research Scholarships 2027,stipend_only,Auto-extracted (confirm deadline + link),International (open to Thais),,https://www.scholarshiptab.com/scholarships/anu-university-research-scholarships-2027,https://www.scholarshiptab.com/scholarships/anu-university-research-scholarships-2027
TD-1057,,Australian National University (ANU),,ANU RTP Scholarship 2027,stipend_only,Auto-extracted (confirm deadline + link),International (open to Thais),,https://www.scholarshiptab.com/scholarships/anu-rtp-scholarship-2027,https://www.scholarshiptab.com/scholarships/anu-rtp-scholarship-2027
TD-1058,,Victoria University (VU),,Victoria University International Research Scholarships 2027,stipend_only,Auto-extracted (confirm deadline + link),International (open to Thais),,https://www.scholarshiptab.com/scholarships/victoria-university-international-research-scholarships-2027,https://www.scholarshiptab.com/scholarships/victoria-university-international-research-scholarships-2027
TD-1077,,Flinders University,,Flinders University Health Services Research and Epidemiology PhD Scholarship Opportunities 2026,stipend_only,Auto-extracted (confirm deadline + link),International (open to Thais),PhD,https://www.scholarshiptab.com/scholarships/flinders-university-health-services-research-and-epidemiology-phd-scholarship-opportunities-2027,https://www.scholarshiptab.com/scholarships/flinders-university-health-services-research-and-epidemiology-phd-scholarship-opportunities-2027
TD-1081,,Deakin University,,Deakin University RTP Scholarships 2027,stipend_only,Auto-extracted (confirm deadline + link),International (open to Thais),,https://www.scholarshiptab.com/scholarships/deakin-university-rtp-scholarships-2027,https://www.scholarshiptab.com/scholarships/deakin-university-rtp-scholarships-2027
TD-1101,,Vodacom,,Vodacom External Bursary Programme 2026,stipend_only,Auto-extracted (confirm deadline + link),International (open to Thais),Undergraduate,https://www.scholarshiptab.com/scholarships/vodacom-external-bursary-programme-2026,https://www.scholarshiptab.com/scholarships/vodacom-external-bursary-programme-2026
TD-1102,,Marshall Scholarship,,Marshall Scholarship 2027,stipend_only,Auto-extracted (confirm deadline + link),International (open to Thais),,https://www.scholarshiptab.com/scholarships/marshall-scholarship-2027,https://www.scholarshiptab.com/scholarships/marshall-scholarship-2027
TD-1153,,Harvard Radcliffe Institute,,Harvard Radcliffe Institute Fellowship in USA 2027-2028,stipend_only,Auto-extracted (confirm deadline + link),International (open to Thais),,https://www.scholarshiptab.com/scholarships/harvard-radcliffe-institute-fellowship-in-usa-2027-2028,https://www.scholarshiptab.com/scholarships/harvard-radcliffe-institute-fellowship-in-usa-2027-2028
TD-1154,,University of the Sunshine Coast,,UniSC Australian Aboriginal and Torres Strait Islander Higher Degree by Research Scholarship 2026,stipend_only,Auto-extracted (confirm deadline + link),International (open to Thais),,https://www.scholarshiptab.com/scholarships/unisc-australian-aboriginal-and-torres-strait-islander-higher-degree-by-research-scholarship-2026,https://www.scholarshiptab.com/scholarships/unisc-australian-aboriginal-and-torres-strait-islander-higher-degree-by-research-scholarship-2026
TD-1155,,Charles Sturt University,,Charles Sturt University AGRTP Full-Time Scholarship 2027,stipend_only,Auto-extracted (confirm deadline + link),International (open to Thais),,https://www.scholarshiptab.com/scholarships/charles-sturt-university-agrtp-full-time-scholarship-2027,https://www.scholarshiptab.com/scholarships/charles-sturt-university-agrtp-full-time-scholarship-2027
TD-1169,,Fulbright Foreign Program,,Fulbright Global Scholar Award 2027,stipend_only,Auto-extracted (confirm deadline + link),International (open to Thais),,https://www.scholarshiptab.com/scholarships/fulbright-global-scholar-award-2026,https://www.scholarshiptab.com/scholarships/fulbright-global-scholar-award-2026
TD-1195,,Monash University,,Monash University Research Training Program (RTP) Stipend 2026,stipend_only,Auto-extracted (confirm deadline + link),International (open to Thais),,https://www.scholarshiptab.com/scholarships/monash-university-research-training-program-rtp-stipend-2026,https://www.scholarshiptab.com/scholarships/monash-university-research-training-program-rtp-stipend-2026
TD-1215,,US Government,,Fulbright South African Research Scholar Program 2027-2028,stipend_only,Auto-extracted (confirm deadline + link),International (open to Thais),,https://www.scholarshiptab.com/scholarships/fulbright-south-african-research-scholar-program-2027-2028,https://www.scholarshiptab.com/scholarships/fulbright-south-african-research-scholar-program-2027-2028
TD-1229,,University of Melbourne,,University of Melbourne Human Rights Scholarship in Australia 2027,stipend_only,Auto-extracted (confirm deadline + link),International (open to Thais),,https://www.scholarshiptab.com/scholarships/university-of-melbourne-human-rights-scholarship-2027,https://www.scholarshiptab.com/scholarships/university-of-melbourne-human-rights-scholarship-2027
TD-1232,,Florida State University (FSU),,FSU Humanities Center Undergraduate Fellows 2026-2027,stipend_only,Auto-extracted (confirm deadline + link),International (open to Thais),Undergraduate,https://www.scholarshiptab.com/scholarships/fsu-humanities-center-undergraduate-fellows-2026-2027,https://www.scholarshiptab.com/scholarships/fsu-humanities-center-undergraduate-fellows-2026-2027
TD-1256,,Monash University,,Monash University Sir James McNeill Postgraduate Research Scholarship 2026,stipend_only,Auto-extracted (confirm deadline + link),International (open to Thais),,https://www.scholarshiptab.com/scholarships/monash-university-sir-james-mcneill-postgraduate-research-scholarship-2026,https://www.scholarshiptab.com/scholarships/monash-university-sir-james-mcneill-postgraduate-research-scholarship-2026
TD-1460,,Central Queensland University (CQUniversity),,2026 CQUniversity Research Training Program (RTP) Stipend Scholarship (Research),stipend_only,Auto-extracted (confirm deadline + link),International (open to Thais),,https://www.scholarshiptab.com/scholarships/2026-cquniversity-research-training-program-rtp-stipend-scholarship-research,https://www.scholarshiptab.com/scholarships/2026-cquniversity-research-training-program-rtp-stipend-scholarship-research
TD-1464,,Monash University,,Monash University 2026 Graduate Scholarship,stipend_only,Auto-extracted (confirm deadline + link),International (open to Thais),,https://www.scholarshiptab.com/scholarships/monash-university-2026-graduate-scholarship,https://www.scholarshiptab.com/scholarships/monash-university-2026-graduate-scholarship
TD-1471,,Monash University,,2026 Monash University Maxwell King PhD Scholarship,stipend_only,Auto-extracted (confirm deadline + link),International (open to Thais),PhD,https://www.scholarshiptab.com/scholarships/2026-monash-university-maxwell-king-phd-scholarship,https://www.scholarshiptab.com/scholarships/2026-monash-university-maxwell-king-phd-scholarship
TD-0525,,La Trobe University,ทุนเรียนต่อป.ตรี/โท 'La Trobe University' ออสเตรเลีย,La Trobe University Scholarship,,Auto-extracted (confirm deadline + link),International (open to Thais),Undergraduate,https://www.dek-d.com/article/68880,https://www.dek-d.com/article/68880
TD-0526,,Taipei Medical University,ทุนป.โท/เอก ที่ ‘Taipei Medical University’ ไต้หวัน,Taipei Medical University Scholarship,,Auto-extracted (confirm deadline + link),International (open to Thais),Multiple,https://www.dek-d.com/article/68877,https://www.dek-d.com/article/68877
TD-0527,,Taylor,ทุนเรียนต่อ ‘Taylor’s University’ ม.เอกชนอันดับ 1 ของมาเลเซีย,Taylor Scholarship,,Auto-extracted (confirm deadline + link),International (open to Thais),Multiple,https://www.dek-d.com/article/68876,https://www.dek-d.com/article/68876
TD-0528,,University of Toronto,ทุนเต็มจำนวน ป.ตรี Lester B. Pearson 2027 จาก ‘University of Toronto’ แคนาดา,University of Toronto Scholarship,,Auto-extracted (confirm deadline + link),International (open to Thais),Undergraduate,https://www.dek-d.com/article/68847,https://www.dek-d.com/article/68847
TD-0529,,Deakin University,ทุนเต็มจำนวนป.ตรี/โท ‘Deakin University’ ออสเตรเลีย,Deakin University Scholarship,,Auto-extracted (confirm deadline + link),International (open to Thais),Undergraduate,https://www.dek-d.com/article/68821,https://www.dek-d.com/article/68821
TD-0530,,MBA,ทุนเรียนต่อ ‘MBA’ ที่ University of Kent ประเทศอังกฤษ,MBA Scholarship,,Auto-extracted (confirm deadline + link),International (open to Thais),Multiple,https://www.dek-d.com/article/68811,https://www.dek-d.com/article/68811
TD-0531,,NTUST,ทุนป.โท/เอก ‘NTUST’ ไต้หวัน (Spring 2027),NTUST Scholarship,,Auto-extracted (confirm deadline + link),International (open to Thais),Multiple,https://www.dek-d.com/article/68804,https://www.dek-d.com/article/68804
TD-0532,,POSTECH,ทุนป.โท/เอก ‘POSTECH’ เกาหลีใต้ เทอม Spring 2027,POSTECH Scholarship,,Auto-extracted (confirm deadline + link),International (open to Thais),Multiple,https://www.dek-d.com/article/68794,https://www.dek-d.com/article/68794
TD-0533,,University of Waikato,ทุนเรียนต่อป.ตรี/โท ‘University of Waikato’ นิวซีแลนด์,University of Waikato Scholarship,,Auto-extracted (confirm deadline + link),International (open to Thais),Undergraduate,https://www.dek-d.com/article/68778,https://www.dek-d.com/article/68778
TD-0534,,NCKU,ทุนเรียนต่อที่ ‘NCKU’ ไต้หวัน ระดับป.ตรี/โท/เอก (รอบ Spring 2027),NCKU Scholarship,,Auto-extracted (confirm deadline + link),International (open to Thais),Multiple,https://www.dek-d.com/article/68771,https://www.dek-d.com/article/68771
TD-0536,,Research Grants in Germany,ทุนทำวิจัยที่เยอรมนี ‘Research Grants in Germany’ สำหรับ PhD & Postdoc,Research Grants in Germany Scholarship,,Auto-extracted (confirm deadline + link),International (open to Thais),PhD,https://www.dek-d.com/article/68752,https://www.dek-d.com/article/68752
TD-0538,,Tokyo International University (TIU),ทุนเรียนฟรี ป.ตรี อินเตอร์ที่ญี่ปุ่น จาก ‘Tokyo International University (TIU)’ เทอม Spring 2027,Tokyo International University (TIU) Scholarship,,Auto-extracted (confirm deadline + link),International (open to Thais),Undergraduate,https://www.dek-d.com/article/68711,https://www.dek-d.com/article/68711
TD-0540,,University of Leicester,ทุนเรียนต่อป.ตรี/โท ที่ ‘University of Leicester’ ประเทศอังกฤษ,University of Leicester Scholarship,,Auto-extracted (confirm deadline + link),International (open to Thais),Undergraduate,https://www.dek-d.com/article/68700,https://www.dek-d.com/article/68700
TD-0544,,LL.M.,‘ทุนพัชรกิติยาภาเพื่อศึกษาวิชากฎหมาย’ เรียนต่อ ป.โท (LL.M.) ที่ Cornell Law School,LL.M. Scholarship,,Auto-extracted (confirm deadline + link),International (open to Thais),Master's,https://www.dek-d.com/article/68662,https://www.dek-d.com/article/68662
TD-0684,,Flinders University,,Flinders University Supporting Desistance from Crime in the Community Project Honours Bursary 2026,,Auto-extracted (confirm deadline + link),International (open to Thais),Undergraduate,https://www.scholarshiptab.com/scholarships/flinders-university-supporting-desistance-from-crime-in-the-community-project-honours-bursary-2026,https://www.scholarshiptab.com/scholarships/flinders-university-supporting-desistance-from-crime-in-the-community-project-honours-bursary-2026
TD-0685,,Macquarie University,,Macquarie University Discovering Exoplanets with Machine Learning PhD Scholarship 2026,,Auto-extracted (confirm deadline + link),International (open to Thais),PhD,https://www.scholarshiptab.com/scholarships/macquarie-university-discovering-exoplanets-with-machine-learning-phd-scholarship-2027,https://www.scholarshiptab.com/scholarships/macquarie-university-discovering-exoplanets-with-machine-learning-phd-scholarship-2027
TD-0687,,Macquarie University,,Macquarie University Deciphering Conversational Self-repair 2026,,Auto-extracted (confirm deadline + link),International (open to Thais),PhD,https://www.scholarshiptab.com/scholarships/macquarie-university-deciphering-conversational-self-repair-2026,https://www.scholarshiptab.com/scholarships/macquarie-university-deciphering-conversational-self-repair-2026
TD-0691,,African Union,,Call for Applications: Enterprise Africa Network (EAN) Fellowship Programme Cohort 2 (2026/27),,Auto-extracted (confirm deadline + link),International (open to Thais),,https://www.scholarshiptab.com/scholarships/call-for-applications-enterprise-africa-network-ean-fellowship-programme-cohort-2-2026-27,https://www.scholarshiptab.com/scholarships/call-for-applications-enterprise-africa-network-ean-fellowship-programme-cohort-2-2026-27
TD-0694,,Flinders University,,Flinders University The Critic Counts: Creative Practice PhD Scholarship 2026,,Auto-extracted (confirm deadline + link),International (open to Thais),,https://www.scholarshiptab.com/scholarships/flinders-university-the-critic-counts-creative-practice-phd-scholarship-2026,https://www.scholarshiptab.com/scholarships/flinders-university-the-critic-counts-creative-practice-phd-scholarship-2026
TD-0695,,One Young World,,One Young World Brand South Africa Play Your Part Bursary 2026,,Auto-extracted (confirm deadline + link),International (open to Thais),,https://www.scholarshiptab.com/scholarships/one-young-world-brand-south-africa-play-your-part-bursary-2026,https://www.scholarshiptab.com/scholarships/one-young-world-brand-south-africa-play-your-part-bursary-2026
TD-0696,,Guggenheim Foundation,,Guggenheim Fellowship 2027,,Auto-extracted (confirm deadline + link),International (open to Thais),,https://www.scholarshiptab.com/scholarships/guggenheim-fellowship-2027,https://www.scholarshiptab.com/scholarships/guggenheim-fellowship-2027
TD-0698,,Government of Kenya,,Presidential Digital Talent Programme 2026 - Cohort XI,,Auto-extracted (confirm deadline + link),International (open to Thais),,https://www.scholarshiptab.com/scholarships/presidential-digital-talent-programme-2026-cohort-xi,https://www.scholarshiptab.com/scholarships/presidential-digital-talent-programme-2026-cohort-xi
TD-0707,,La Trobe University,,La Trobe Humanitarian Scholarship 2027,,Auto-extracted (confirm deadline + link),International (open to Thais),Undergraduate,https://www.scholarshiptab.com/scholarships/la-trobe-humanitarian-scholarship-2027,https://www.scholarshiptab.com/scholarships/la-trobe-humanitarian-scholarship-2027
TD-0708,,La Trobe University,,La Trobe Vice Chancellor Scholarship 2027,,Auto-extracted (confirm deadline + link),International (open to Thais),Undergraduate,https://www.scholarshiptab.com/scholarships/la-trobe-vice-chancellor-scholarship-2027,https://www.scholarshiptab.com/scholarships/la-trobe-vice-chancellor-scholarship-2027
TD-0709,,European Union (EU),,Intra Africa Academic Mobility Scheme Scholarship (PERI-ACE) 2027,,Auto-extracted (confirm deadline + link),International (open to Thais),,https://www.scholarshiptab.com/scholarships/intra-africa-academic-mobility-scheme-scholarship-peri-ace-2027,https://www.scholarshiptab.com/scholarships/intra-africa-academic-mobility-scheme-scholarship-peri-ace-2027
TD-0711,,ENI,,ENI Master Minds Scholarships for Master's 2027,,Auto-extracted (confirm deadline + link),International (open to Thais),Master's,https://www.scholarshiptab.com/scholarships/eni-master-minds-scholarships-for-master-s-2027,https://www.scholarshiptab.com/scholarships/eni-master-minds-scholarships-for-master-s-2027
TD-0713,,World Bank,,WBG Young Professionals Program 2027,,Auto-extracted (confirm deadline + link),International (open to Thais),,https://www.scholarshiptab.com/scholarships/wbg-young-professionals-program-2027,https://www.scholarshiptab.com/scholarships/wbg-young-professionals-program-2027
TD-0723,,University of Toronto,,University of Toronto National Scholarship Program 2027,,Auto-extracted (confirm deadline + link),International (open to Thais),Undergraduate,https://www.scholarshiptab.com/scholarships/university-of-toronto-national-scholarship-program-2027,https://www.scholarshiptab.com/scholarships/university-of-toronto-national-scholarship-program-2027
TD-0725,,University of Southern Queensland,,UniSQ Incarcerated Student Learning Resource Scheme 2026,,Auto-extracted (confirm deadline + link),International (open to Thais),Undergraduate,https://www.scholarshiptab.com/scholarships/unisq-incarcerated-student-learning-resource-scheme-2026,https://www.scholarshiptab.com/scholarships/unisq-incarcerated-student-learning-resource-scheme-2026
TD-0726,,Boustany Foundation,,Boustany Cambridge University MBA Scholarship 2027,,Auto-extracted (confirm deadline + link),International (open to Thais),,https://www.scholarshiptab.com/scholarships/boustany-cambridge-university-mba-scholarship-2027,https://www.scholarshiptab.com/scholarships/boustany-cambridge-university-mba-scholarship-2027
TD-0727,,University of Southern Queensland,,UniSQ International Student Support Scholarship 2027,,Auto-extracted (confirm deadline + link),International (open to Thais),Undergraduate,https://www.scholarshiptab.com/scholarships/unisq-international-student-support-scholarship-2027,https://www.scholarshiptab.com/scholarships/unisq-international-student-support-scholarship-2027
TD-0728,,Boustany Foundation,,Boustany Harvard University MBA Scholarship 2027,,Auto-extracted (confirm deadline + link),International (open to Thais),,https://www.scholarshiptab.com/scholarships/boustany-harvard-university-mba-scholarship-2027,https://www.scholarshiptab.com/scholarships/boustany-harvard-university-mba-scholarship-2027
TD-0729,,Khalifa University,,Khalifa University Graduate Scholarship 2027,,Auto-extracted (confirm deadline + link),International (open to Thais),,https://www.scholarshiptab.com/scholarships/khalifa-university-graduate-scholarship-2027,https://www.scholarshiptab.com/scholarships/khalifa-university-graduate-scholarship-2027
TD-0730,,ARES,,ARES Scholarships 2027-2028 in Belgium,,Auto-extracted (confirm deadline + link),International (open to Thais),Undergraduate,https://www.scholarshiptab.com/scholarships/ares-scholarships-2027-2028-in-belgium,https://www.scholarshiptab.com/scholarships/ares-scholarships-2027-2028-in-belgium
TD-0735,,Australian Catholic University (ACU),,ACU Stipend Scholarship 2027,,Auto-extracted (confirm deadline + link),International (open to Thais),,https://www.scholarshiptab.com/scholarships/acu-stipend-scholarship-2027,https://www.scholarshiptab.com/scholarships/acu-stipend-scholarship-2027
TD-0736,,University of Southern Queensland,,UniSQ Vice-Chancellor's Excellence Scholarship 2027,,Auto-extracted (confirm deadline + link),International (open to Thais),Undergraduate,https://www.scholarshiptab.com/scholarships/unisq-vice-chancellor-s-excellence-scholarship-2027,https://www.scholarshiptab.com/scholarships/unisq-vice-chancellor-s-excellence-scholarship-2027
TD-0744,,Institut français,,Institut français x Cité internationale des arts Residency Program 2027-2028,,Auto-extracted (confirm deadline + link),International (open to Thais),,https://www.scholarshiptab.com/scholarships/institut-franais-x-cit-internationale-des-arts-residency-program-2027-2028,https://www.scholarshiptab.com/scholarships/institut-franais-x-cit-internationale-des-arts-residency-program-2027-2028
TD-0746,,University of Nottingham,,Wolfson Postgraduate Scholarships in the Humanities at University of Nottingham 2027/28,,Auto-extracted (confirm deadline + link),International (open to Thais),PhD,https://www.scholarshiptab.com/scholarships/wolfson-postgraduate-scholarships-in-the-humanities-at-university-of-nottingham-2027-28,https://www.scholarshiptab.com/scholarships/wolfson-postgraduate-scholarships-in-the-humanities-at-university-of-nottingham-2027-28
TD-0747,,Schlumberger Foundation,,Schlumberger Foundation Faculty for the Future Fellowships 2027-2028 for Post-doctoral research in STEM,,Auto-extracted (confirm deadline + link),International (open to Thais),,https://www.scholarshiptab.com/scholarships/schlumberger-foundation-faculty-for-the-future-fellowships-2027-2028-for-post-doctoral-research-in-stem,https://www.scholarshiptab.com/scholarships/schlumberger-foundation-faculty-for-the-future-fellowships-2027-2028-for-post-doctoral-research-in-stem
TD-0749,,National Yang Ming Chiao Tung University (NYCU),,NYCU International Students Scholarship 2027,,Auto-extracted (confirm deadline + link),International (open to Thais),Undergraduate,https://www.scholarshiptab.com/scholarships/nycu-international-students-scholarship-2027,https://www.scholarshiptab.com/scholarships/nycu-international-students-scholarship-2027
TD-0756,,University of Southern Queensland,,UniSQ International Stipend and Fee Research Scholarship (DPHD) 2027,,Auto-extracted (confirm deadline + link),International (open to Thais),PhD,https://www.scholarshiptab.com/scholarships/unisq-international-stipend-and-fee-research-scholarship-dphd-2027,https://www.scholarshiptab.com/scholarships/unisq-international-stipend-and-fee-research-scholarship-dphd-2027
TD-0761,,University Of Alabama,,University of Alabama Out-of-State & International Freshman Scholarships 2027,,Auto-extracted (confirm deadline + link),International (open to Thais),Undergraduate,https://www.scholarshiptab.com/scholarships/university-of-alabama-out-of-state-international-freshman-scholarships-2027,https://www.scholarshiptab.com/scholarships/university-of-alabama-out-of-state-international-freshman-scholarships-2027
TD-0763,,World Bank,,World Bank GovTech AI Bootcamp for Governance and Public Administration 2026,,Auto-extracted (confirm deadline + link),International (open to Thais),,https://www.scholarshiptab.com/scholarships/world-bank-govtech-ai-bootcamp-for-governance-and-public-administration-2026,https://www.scholarshiptab.com/scholarships/world-bank-govtech-ai-bootcamp-for-governance-and-public-administration-2026
TD-0770,,The University of Queensland,,UQ Vice-Chancellor's Scholarship 2027,,Auto-extracted (confirm deadline + link),International (open to Thais),Undergraduate,https://www.scholarshiptab.com/scholarships/uq-vice-chancellor-s-scholarship-2027,https://www.scholarshiptab.com/scholarships/uq-vice-chancellor-s-scholarship-2027
TD-0772,,University of Western Australia (UWA),,UWA C And P Strano Memorial Scholarship In Italian Language 2026,,Auto-extracted (confirm deadline + link),International (open to Thais),Undergraduate,https://www.scholarshiptab.com/scholarships/uwa-c-and-p-strano-memorial-scholarship-in-italian-language-2026,https://www.scholarshiptab.com/scholarships/uwa-c-and-p-strano-memorial-scholarship-in-italian-language-2026
TD-0773,,Endeavour,,Endeavour Women in Tech Scholarships 2026,,Auto-extracted (confirm deadline + link),International (open to Thais),Undergraduate,https://www.scholarshiptab.com/scholarships/endeavour-women-in-tech-scholarships-2026,https://www.scholarshiptab.com/scholarships/endeavour-women-in-tech-scholarships-2026
TD-0775,,University of Miami,,University of Miami Stamps Scholarship 2027,,Auto-extracted (confirm deadline + link),International (open to Thais),Undergraduate,https://www.scholarshiptab.com/scholarships/university-of-miami-stamps-scholarship-2027,https://www.scholarshiptab.com/scholarships/university-of-miami-stamps-scholarship-2027
TD-0780,,University of Technology Sydney (UTS),,Bruce and Carol Kendall Undergraduate Memorial Scholarship 2026,,Auto-extracted (confirm deadline + link),International (open to Thais),Undergraduate,https://www.scholarshiptab.com/scholarships/bruce-and-carol-kendall-undergraduate-memorial-scholarship-2026,https://www.scholarshiptab.com/scholarships/bruce-and-carol-kendall-undergraduate-memorial-scholarship-2026
TD-0781,,University of East Anglia,,University of East Anglia Cowrie Foundation Scholarship 2027,,Auto-extracted (confirm deadline + link),International (open to Thais),Undergraduate,https://www.scholarshiptab.com/scholarships/university-of-east-anglia-cowrie-foundation-scholarship-2027,https://www.scholarshiptab.com/scholarships/university-of-east-anglia-cowrie-foundation-scholarship-2027
TD-0782,,University of Technology Sydney (UTS),,UTS Lawrence Vidoni Memorial Scholarship 2026,,Auto-extracted (confirm deadline + link),International (open to Thais),Undergraduate,https://www.scholarshiptab.com/scholarships/uts-lawrence-vidoni-memorial-scholarship-2026,https://www.scholarshiptab.com/scholarships/uts-lawrence-vidoni-memorial-scholarship-2026
TD-0783,,University of East Anglia,,UEA MBAdvantage Scholarship 2026,,Auto-extracted (confirm deadline + link),International (open to Thais),,https://www.scholarshiptab.com/scholarships/uea-mbadvantage-scholarship-2026,https://www.scholarshiptab.com/scholarships/uea-mbadvantage-scholarship-2026
TD-0784,,University of Sussex,,Sussex Bangladesh Scholarship (Masters) (2026),,Auto-extracted (confirm deadline + link),International (open to Thais),Master's,https://www.scholarshiptab.com/scholarships/sussex-bangladesh-scholarship-masters-2026,https://www.scholarshiptab.com/scholarships/sussex-bangladesh-scholarship-masters-2026
TD-0785,,University of Sussex,,Sussex Pakistan Scholarship (Masters) (2026),,Auto-extracted (confirm deadline + link),International (open to Thais),Master's,https://www.scholarshiptab.com/scholarships/sussex-pakistan-scholarship-masters-2026,https://www.scholarshiptab.com/scholarships/sussex-pakistan-scholarship-masters-2026
TD-0786,,Commonwealth,,Commonwealth Startup Fellowships 2026/2027,,Auto-extracted (confirm deadline + link),International (open to Thais),,https://www.scholarshiptab.com/scholarships/commonwealth-startup-fellowships-2026-2027,https://www.scholarshiptab.com/scholarships/commonwealth-startup-fellowships-2026-2027
TD-0790,,Dresden Leibniz Graduate School (DLGS),,Dresden Leibniz Graduate School (DLGS) Scholarship 2027,,Auto-extracted (confirm deadline + link),International (open to Thais),,https://www.scholarshiptab.com/scholarships/dresden-leibniz-graduate-school-dlgs-scholarship-2027,https://www.scholarshiptab.com/scholarships/dresden-leibniz-graduate-school-dlgs-scholarship-2027
TD-0791,,South African Institute of International Affairs (SAIIA),,KAS-SAIIA Scholarships 2027,,Auto-extracted (confirm deadline + link),International (open to Thais),,https://www.scholarshiptab.com/scholarships/kas-saiia-scholarships-2027,https://www.scholarshiptab.com/scholarships/kas-saiia-scholarships-2027
TD-0792,,Economic Community of West African States (ECOWAS),,ECOWAS Young Graduates Immersion Programme 2027,,Auto-extracted (confirm deadline + link),International (open to Thais),,https://www.scholarshiptab.com/scholarships/ecowas-young-graduates-immersion-programme-2027,https://www.scholarshiptab.com/scholarships/ecowas-young-graduates-immersion-programme-2027
TD-0793,,The Bridge Scholarship,,The Bridge Scholarship Application -2026/2027 Academic Year,,Auto-extracted (confirm deadline + link),International (open to Thais),Undergraduate,https://www.scholarshiptab.com/scholarships/the-bridge-scholarship-application-2026-2027-academic-year,https://www.scholarshiptab.com/scholarships/the-bridge-scholarship-application-2026-2027-academic-year
TD-0797,,University of Canberra (UC),,The Snow Scholarship 2027,,Auto-extracted (confirm deadline + link),International (open to Thais),Undergraduate,https://www.scholarshiptab.com/scholarships/the-snow-scholarship-2027,https://www.scholarshiptab.com/scholarships/the-snow-scholarship-2027
TD-0800,,Miles Morland Foundation,,The Miles Morland Foundation Writing Scholarship 2026,,Auto-extracted (confirm deadline + link),International (open to Thais),,https://www.scholarshiptab.com/scholarships/the-miles-morland-foundation-writing-scholarship-2026,https://www.scholarshiptab.com/scholarships/the-miles-morland-foundation-writing-scholarship-2026
TD-0801,,University of Melbourne,,University of Melbourne Jim Perkins PhD Travelling Scholarship 2027,,Auto-extracted (confirm deadline + link),International (open to Thais),PhD,https://www.scholarshiptab.com/scholarships/university-of-melbourne-jim-perkins-phd-travelling-scholarship-2027,https://www.scholarshiptab.com/scholarships/university-of-melbourne-jim-perkins-phd-travelling-scholarship-2027
TD-0803,,Coca-Cola Scholars Foundation,,The Coca-Cola Scholars Program Scholarship 2027,,Auto-extracted (confirm deadline + link),International (open to Thais),High school,https://www.scholarshiptab.com/scholarships/the-coca-cola-scholars-program-scholarship-2027,https://www.scholarshiptab.com/scholarships/the-coca-cola-scholars-program-scholarship-2027
TD-0806,,European Union (EU),,Africa-Europe Innovation Platform (AEIP) Scholars Programme 2026-2027,,Auto-extracted (confirm deadline + link),International (open to Thais),,https://www.scholarshiptab.com/scholarships/africa-europe-innovation-platform-aeip-scholars-programme-2026-2027,https://www.scholarshiptab.com/scholarships/africa-europe-innovation-platform-aeip-scholars-programme-2026-2027
TD-0807,,Université Catholique de Louvain (UCLouvain),,UCLouvain Opens 2027 Call for Incoming International Postdoctoral Fellowships,,Auto-extracted (confirm deadline + link),International (open to Thais),,https://www.scholarshiptab.com/scholarships/uclouvain-opens-2027-call-for-incoming-international-postdoctoral-fellowships,https://www.scholarshiptab.com/scholarships/uclouvain-opens-2027-call-for-incoming-international-postdoctoral-fellowships
TD-0808,,Google,,"Google for Startups Accelerator Middle East, North Africa and Turkey 2026",,Auto-extracted (confirm deadline + link),International (open to Thais),,https://www.scholarshiptab.com/scholarships/google-for-startups-accelerator-middle-east-north-africa-and-turkey-2026,https://www.scholarshiptab.com/scholarships/google-for-startups-accelerator-middle-east-north-africa-and-turkey-2026
TD-0810,,MS International Federation (MSIF),,McDonald Fellowships 2027,,Auto-extracted (confirm deadline + link),International (open to Thais),,https://www.scholarshiptab.com/scholarships/mcdonald-fellowships-2027,https://www.scholarshiptab.com/scholarships/mcdonald-fellowships-2027
TD-0811,,United Nations,,United Nations OHCHR Indigenous Fellowship Program 2027,,Auto-extracted (confirm deadline + link),International (open to Thais),,https://www.scholarshiptab.com/scholarships/united-nations-ohchr-indigenous-fellowship-program-2027,https://www.scholarshiptab.com/scholarships/united-nations-ohchr-indigenous-fellowship-program-2027
TD-0812,,Chevening,,Chevening Oxford Centre for Islamic Studies Fellowship (OCIS) Fellowship 2027,,Auto-extracted (confirm deadline + link),International (open to Thais),,https://www.scholarshiptab.com/scholarships/chevening-oxford-centre-for-islamic-studies-fellowship-ocis-fellowship-2027,https://www.scholarshiptab.com/scholarships/chevening-oxford-centre-for-islamic-studies-fellowship-ocis-fellowship-2027
TD-0813,,African Economic Research Consortium (AERC),,AERC-World Bank Visiting Scholars Program 2026,,Auto-extracted (confirm deadline + link),International (open to Thais),,https://www.scholarshiptab.com/scholarships/aerc-world-bank-visiting-scholars-program-2027,https://www.scholarshiptab.com/scholarships/aerc-world-bank-visiting-scholars-program-2027
TD-0814,,University of East Anglia,,UEA Vice Chancellor's Global Impact and Leadership Scholarship (January Start) 2027,,Auto-extracted (confirm deadline + link),International (open to Thais),,https://www.scholarshiptab.com/scholarships/uea-vice-chancellor-s-global-impact-and-leadership-scholarship-january-start-2027,https://www.scholarshiptab.com/scholarships/uea-vice-chancellor-s-global-impact-and-leadership-scholarship-january-start-2027
TD-0815,,University of East Anglia,,UEA International Early Payment Awards (January and February Start) 2027,,Auto-extracted (confirm deadline + link),International (open to Thais),,https://www.scholarshiptab.com/scholarships/uea-international-early-payment-awards-january-and-february-start-2027,https://www.scholarshiptab.com/scholarships/uea-international-early-payment-awards-january-and-february-start-2027
TD-0816,,Edith Cowan University (ECU),,ECU Future Nurses and Midwives Scholarship Fund 2026,,Auto-extracted (confirm deadline + link),International (open to Thais),Undergraduate,https://www.scholarshiptab.com/scholarships/ecu-future-nurses-and-midwives-scholarship-fund-2026,https://www.scholarshiptab.com/scholarships/ecu-future-nurses-and-midwives-scholarship-fund-2026
TD-0820,,University of Technology Sydney (UTS),,UTS Longevity Exercise Physiology Scholarship 2026,,Auto-extracted (confirm deadline + link),International (open to Thais),Master's,https://www.scholarshiptab.com/scholarships/uts-longevity-exercise-physiology-scholarship-2026,https://www.scholarshiptab.com/scholarships/uts-longevity-exercise-physiology-scholarship-2026
TD-0821,,University of Technology Sydney (UTS),,UTS Council Indigenous Scholarship 2026,,Auto-extracted (confirm deadline + link),International (open to Thais),Undergraduate,https://www.scholarshiptab.com/scholarships/uts-council-indigenous-scholarship-2026,https://www.scholarshiptab.com/scholarships/uts-council-indigenous-scholarship-2026
TD-0825,,University of Sussex,,Sussex Alumni Scholarship (2026),,Auto-extracted (confirm deadline + link),International (open to Thais),Master's,https://www.scholarshiptab.com/scholarships/sussex-alumni-scholarship-2026,https://www.scholarshiptab.com/scholarships/sussex-alumni-scholarship-2026
TD-0826,,Edith Cowan University (ECU),,ECU Lincoln McCashney Memorial Scholarship 2026,,Auto-extracted (confirm deadline + link),International (open to Thais),Undergraduate,https://www.scholarshiptab.com/scholarships/ecu-lincoln-mccashney-memorial-scholarship-2026,https://www.scholarshiptab.com/scholarships/ecu-lincoln-mccashney-memorial-scholarship-2026
TD-0827,,Edith Cowan University (ECU),,ECU Destination Australia Scholarships 2026,,Auto-extracted (confirm deadline + link),International (open to Thais),Undergraduate,https://www.scholarshiptab.com/scholarships/ecu-destination-australia-scholarships-2026,https://www.scholarshiptab.com/scholarships/ecu-destination-australia-scholarships-2026
TD-0831,,Norwegian University of Life Sciences (NMBU),,NMBU PhD Position Within Causal Machine Learning 2026,,Auto-extracted (confirm deadline + link),International (open to Thais),PhD,https://www.scholarshiptab.com/scholarships/nmbu-phd-position-within-causal-machine-learning-2026,https://www.scholarshiptab.com/scholarships/nmbu-phd-position-within-causal-machine-learning-2026
TD-0832,,Murdoch University,,Murdoch University International Futures Scholarship 2027,,Auto-extracted (confirm deadline + link),International (open to Thais),Undergraduate,https://www.scholarshiptab.com/scholarships/murdoch-university-international-futures-scholarship-2027,https://www.scholarshiptab.com/scholarships/murdoch-university-international-futures-scholarship-2027
TD-0833,,Jefferson Scholars Foundation,,Jefferson Scholars Foundation Undergraduate Scholarships 2027,,Auto-extracted (confirm deadline + link),International (open to Thais),Undergraduate,https://www.scholarshiptab.com/scholarships/jefferson-scholars-foundation-undergraduate-scholarships,https://www.scholarshiptab.com/scholarships/jefferson-scholars-foundation-undergraduate-scholarships
TD-0834,,Murdoch University,,Murdoch University International Welcome Scholarship 2027,,Auto-extracted (confirm deadline + link),International (open to Thais),Undergraduate,https://www.scholarshiptab.com/scholarships/murdoch-university-international-welcome-scholarship-2027,https://www.scholarshiptab.com/scholarships/murdoch-university-international-welcome-scholarship-2027
TD-0836,,Government of Alberta,,Government of Alberta Rangeland Sustainability Program 2026,,Auto-extracted (confirm deadline + link),International (open to Thais),,https://www.scholarshiptab.com/scholarships/government-of-alberta-rangeland-sustainability-program-2026,https://www.scholarshiptab.com/scholarships/government-of-alberta-rangeland-sustainability-program-2026
TD-0837,,The People's Government of Beijing Municipality,,Beijing Government Scholarship for International Students (for Freshman) 2027,,Auto-extracted (confirm deadline + link),International (open to Thais),Undergraduate,https://www.scholarshiptab.com/scholarships/beijing-government-scholarship-for-international-students-for-freshman-2027,https://www.scholarshiptab.com/scholarships/beijing-government-scholarship-for-international-students-for-freshman-2027
TD-0839,,University of Pisa,,University of Pisa DSU Scholarship 2026/2027,,Auto-extracted (confirm deadline + link),International (open to Thais),Undergraduate,https://www.scholarshiptab.com/scholarships/university-of-pisa-dsu-scholarship-2026-2027,https://www.scholarshiptab.com/scholarships/university-of-pisa-dsu-scholarship-2026-2027
TD-0840,,World Photography Organisation,,Sony World Photography Awards 2027,,Auto-extracted (confirm deadline + link),International (open to Thais),,https://www.scholarshiptab.com/scholarships/sony-world-photography-awards-2027,https://www.scholarshiptab.com/scholarships/sony-world-photography-awards-2027
TD-0842,,University of Oxford,,Oxford-Pershing Square Graduate Scholarships 2027,,Auto-extracted (confirm deadline + link),International (open to Thais),,https://www.scholarshiptab.com/scholarships/oxford-pershing-square-graduate-scholarships-2027,https://www.scholarshiptab.com/scholarships/oxford-pershing-square-graduate-scholarships-2027
TD-0845,,France - South Africa,,France South Africa Scholarship Programme 2027,,Auto-extracted (confirm deadline + link),International (open to Thais),,https://www.scholarshiptab.com/scholarships/france-south-africa-scholarship-programme-2027,https://www.scholarshiptab.com/scholarships/france-south-africa-scholarship-programme-2027
TD-0847,,European Commission,,European Commission Blue Book Traineeship Programme 2027,,Auto-extracted (confirm deadline + link),International (open to Thais),,https://www.scholarshiptab.com/scholarships/european-commission-blue-book-traineeship-programme-2026,https://www.scholarshiptab.com/scholarships/european-commission-blue-book-traineeship-programme-2026
TD-0855,,American Association of University Women (AAUW),,American Short-Term Research Publication Grants 2027,,Auto-extracted (confirm deadline + link),International (open to Thais),,https://www.scholarshiptab.com/scholarships/american-short-term-research-publication-grants-2027,https://www.scholarshiptab.com/scholarships/american-short-term-research-publication-grants-2027
TD-0856,,University of Groningen,,Eric Bleumink Scholarship in Netherlands 2027,,Auto-extracted (confirm deadline + link),International (open to Thais),Master's,https://www.scholarshiptab.com/scholarships/eric-bleumink-scholarship-in-neterherlands-2027,https://www.scholarshiptab.com/scholarships/eric-bleumink-scholarship-in-neterherlands-2027
TD-0858,,GATE Institute,,GATE Institute Google DeepMind AI Master's Scholarship 2026/27,,Auto-extracted (confirm deadline + link),International (open to Thais),Master's,https://www.scholarshiptab.com/scholarships/gate-institute-google-deepmind-ai-master-s-scholarship-2026-27,https://www.scholarshiptab.com/scholarships/gate-institute-google-deepmind-ai-master-s-scholarship-2026-27
TD-0860,,University of Milan,,University of Milan Regional Scholarships 2026/27,,Auto-extracted (confirm deadline + link),International (open to Thais),Undergraduate,https://www.scholarshiptab.com/scholarships/university-of-milan-regional-scholarships-2026-27,https://www.scholarshiptab.com/scholarships/university-of-milan-regional-scholarships-2026-27
TD-0861,,Fulbright Program,,Fulbright UK Scholarships to the USA 2027-28,,Auto-extracted (confirm deadline + link),International (open to Thais),,https://www.scholarshiptab.com/scholarships/fulbright-uk-scholarships-to-the-usa-2027-28,https://www.scholarshiptab.com/scholarships/fulbright-uk-scholarships-to-the-usa-2027-28
TD-0862,,Columbia University,,Human Rights Advocates Program (HRAP) 2027-2028,,Auto-extracted (confirm deadline + link),International (open to Thais),,https://www.scholarshiptab.com/scholarships/human-rights-advocates-program-hrap-2027-2028,https://www.scholarshiptab.com/scholarships/human-rights-advocates-program-hrap-2027-2028
TD-0863,,Open Doors,,Open Doors Scholarship 2027,,Auto-extracted (confirm deadline + link),International (open to Thais),Undergraduate,https://www.scholarshiptab.com/scholarships/open-doors-scholarship-2027,https://www.scholarshiptab.com/scholarships/open-doors-scholarship-2027
TD-0864,,Chevening,,Chevening Scholarship 2027,,Auto-extracted (confirm deadline + link),International (open to Thais),Master's,https://www.scholarshiptab.com/scholarships/chevening-scholarship-2027,https://www.scholarshiptab.com/scholarships/chevening-scholarship-2027
TD-0867,,Commonwealth,,Commonwealth PhD Scholarships 2027/28,,Auto-extracted (confirm deadline + link),International (open to Thais),PhD,https://www.scholarshiptab.com/scholarships/commonwealth-phd-scholarships-2027-28,https://www.scholarshiptab.com/scholarships/commonwealth-phd-scholarships-2027-28
TD-0868,,Commonwealth,,Commonwealth Master's Scholarships 2027/2028,,Auto-extracted (confirm deadline + link),International (open to Thais),Master's,https://www.scholarshiptab.com/scholarships/commonwealth-master-s-scholarships-2027-2028,https://www.scholarshiptab.com/scholarships/commonwealth-master-s-scholarships-2027-2028
TD-0872,,Erasmus Mundus,,Erasmus Mundus MARIHE Scholarship 2027,,Auto-extracted (confirm deadline + link),International (open to Thais),Master's,https://www.scholarshiptab.com/scholarships/erasmus-mundus-marihe-scholarship-2027,https://www.scholarshiptab.com/scholarships/erasmus-mundus-marihe-scholarship-2027
TD-0873,,University of Toronto,,University of Toronto Lester B. Pearson International Student Scholarships 2027,,Auto-extracted (confirm deadline + link),International (open to Thais),Undergraduate,https://www.scholarshiptab.com/scholarships/university-of-toronto-lester-b-pearson-international-student-scholarships-2027,https://www.scholarshiptab.com/scholarships/university-of-toronto-lester-b-pearson-international-student-scholarships-2027
TD-0876,,Macquarie University,,Macquarie University International Road to Research Scholarship 2027,,Auto-extracted (confirm deadline + link),International (open to Thais),Master's,https://www.scholarshiptab.com/scholarships/macquarie-university-international-road-to-research-scholarship-2027,https://www.scholarshiptab.com/scholarships/macquarie-university-international-road-to-research-scholarship-2027
TD-0880,,University of Lausanne (UNIL),,Unil Master's Scholarship 2027,,Auto-extracted (confirm deadline + link),International (open to Thais),Master's,https://www.scholarshiptab.com/scholarships/unil-master-s-scholarship-2027,https://www.scholarshiptab.com/scholarships/unil-master-s-scholarship-2027
TD-0885,,The Africa Institute,,The Africa Institute Senior and Postdoctoral Fellowships Program 2027,,Auto-extracted (confirm deadline + link),International (open to Thais),,https://www.scholarshiptab.com/scholarships/the-africa-institute-senior-and-postdoctoral-fellowships-program-2027,https://www.scholarshiptab.com/scholarships/the-africa-institute-senior-and-postdoctoral-fellowships-program-2027
TD-0888,,Organisation for Economic Co-operation and Development (OECD),,OECD Internship Programme 2027,,Auto-extracted (confirm deadline + link),International (open to Thais),,https://www.scholarshiptab.com/scholarships/oecd-internship-programme-2027,https://www.scholarshiptab.com/scholarships/oecd-internship-programme-2027
TD-0889,,College Women's Association of Japan (CWAJ),,CWAJ Graduate Scholarship for Non-Japanese Women to Study in Japan (NJG) 2027,,Auto-extracted (confirm deadline + link),International (open to Thais),,https://www.scholarshiptab.com/scholarships/cwaj-graduate-scholarship-for-non-japanese-women-to-study-in-japan-njg-2027,https://www.scholarshiptab.com/scholarships/cwaj-graduate-scholarship-for-non-japanese-women-to-study-in-japan-njg-2027
TD-0892,,National Taiwan University of Science and Technology (NTUST),,National Taiwan University of Science and Technology Scholarships (NTUST) 2027,,Auto-extracted (confirm deadline + link),International (open to Thais),,https://www.scholarshiptab.com/scholarships/national-taiwan-university-of-science-and-technology-scholarships-2026,https://www.scholarshiptab.com/scholarships/national-taiwan-university-of-science-and-technology-scholarships-2026
TD-0899,,Harvard University,,Harvard Academy Scholars Program 2027,,Auto-extracted (confirm deadline + link),International (open to Thais),,https://www.scholarshiptab.com/scholarships/harvard-academy-scholars-program-2027,https://www.scholarshiptab.com/scholarships/harvard-academy-scholars-program-2027
TD-0904,,University of Bayreuth,,University of Bayreuth Centre Scholarship 2027,,Auto-extracted (confirm deadline + link),International (open to Thais),,https://www.scholarshiptab.com/scholarships/university-of-bayreuth-centre-scholarship-2027,https://www.scholarshiptab.com/scholarships/university-of-bayreuth-centre-scholarship-2027
TD-0907,,"United Nations Educational, Scientific and Cultural Organization (UNESCO)",,UNESCO/Japan Young Researchers' Fellowships Programme 2026,,Auto-extracted (confirm deadline + link),International (open to Thais),,https://www.scholarshiptab.com/scholarships/unesco-japan-young-researchers-fellowships-programme-2026,https://www.scholarshiptab.com/scholarships/unesco-japan-young-researchers-fellowships-programme-2026
TD-0908,,University of Technology Sydney (UTS),,UTS Scholarship for European Undergraduate Students 2026,,Auto-extracted (confirm deadline + link),International (open to Thais),Undergraduate,https://www.scholarshiptab.com/scholarships/uts-scholarship-for-european-undergraduate-students-2026,https://www.scholarshiptab.com/scholarships/uts-scholarship-for-european-undergraduate-students-2026
TD-0909,,University of Technology Sydney (UTS),,UTS Bachelor of Information Technology (Co-op) Scholarship 2026,,Auto-extracted (confirm deadline + link),International (open to Thais),Undergraduate,https://www.scholarshiptab.com/scholarships/uts-bachelor-of-information-technology-co-op-scholarship-2026,https://www.scholarshiptab.com/scholarships/uts-bachelor-of-information-technology-co-op-scholarship-2026
TD-0910,,International Youth Math Challenge,,International Youth Math Challenge 2026,,Auto-extracted (confirm deadline + link),International (open to Thais),,https://www.scholarshiptab.com/scholarships/international-youth-math-challenge-2026,https://www.scholarshiptab.com/scholarships/international-youth-math-challenge-2026
TD-0912,,Imperial College London,,Imperial Athletes Sport Scholarship 2026/27,,Auto-extracted (confirm deadline + link),International (open to Thais),Undergraduate,https://www.scholarshiptab.com/scholarships/imperial-athletes-sport-scholarship-202627,https://www.scholarshiptab.com/scholarships/imperial-athletes-sport-scholarship-202627
TD-0920,,University Of Sydney,,University of Sydney Bachelor of Mathematical Sciences Scholarship 2026,,Auto-extracted (confirm deadline + link),International (open to Thais),Undergraduate,https://www.scholarshiptab.com/scholarships/university-of-sydney-bachelor-of-mathematical-sciences-scholarship-2026,https://www.scholarshiptab.com/scholarships/university-of-sydney-bachelor-of-mathematical-sciences-scholarship-2026
TD-0923,,Bond University,,Bond University HDR Scholarship 2027,,Auto-extracted (confirm deadline + link),International (open to Thais),,https://www.scholarshiptab.com/scholarships/bond-university-hdr-scholarship-2027,https://www.scholarshiptab.com/scholarships/bond-university-hdr-scholarship-2027
TD-0928,,CERN,,CERN Short-Term Internship 2026,,Auto-extracted (confirm deadline + link),International (open to Thais),,https://www.scholarshiptab.com/scholarships/cern-short-term-internship-2026,https://www.scholarshiptab.com/scholarships/cern-short-term-internship-2026
TD-0938,,Social Shifters,,Social Shifters Global Innovation Challenge 2026,,Auto-extracted (confirm deadline + link),International (open to Thais),,https://www.scholarshiptab.com/scholarships/social-shifters-global-innovation-challenge-2026,https://www.scholarshiptab.com/scholarships/social-shifters-global-innovation-challenge-2026
TD-0941,,Australian National University (ANU),,ANU HDR Fee Merit Scholarship 2027,,Auto-extracted (confirm deadline + link),International (open to Thais),,https://www.scholarshiptab.com/scholarships/anu-hdr-fee-merit-scholarship-2027,https://www.scholarshiptab.com/scholarships/anu-hdr-fee-merit-scholarship-2027
TD-0943,,Australian National University (ANU),,Australian National Internships Program 2027,,Auto-extracted (confirm deadline + link),International (open to Thais),,https://www.scholarshiptab.com/scholarships/australian-national-internships-program-2027,https://www.scholarshiptab.com/scholarships/australian-national-internships-program-2027
TD-0947,,Australian National University (ANU),,ANU Master of Philosophy Scholarship 2027,,Auto-extracted (confirm deadline + link),International (open to Thais),Master's,https://www.scholarshiptab.com/scholarships/anu-master-of-philosophy-scholarship-2027,https://www.scholarshiptab.com/scholarships/anu-master-of-philosophy-scholarship-2027
TD-0952,,United Nations,,United Nations - Nippon Foundation Fellowship 2027,,Auto-extracted (confirm deadline + link),International (open to Thais),,https://www.scholarshiptab.com/scholarships/united-nations-nippon-foundation-fellowship-2027,https://www.scholarshiptab.com/scholarships/united-nations-nippon-foundation-fellowship-2027
TD-0963,,Victoria University of Wellington,,Victoria University of Wellington Bachelor of Midwifery Scholarship 2027,,Auto-extracted (confirm deadline + link),International (open to Thais),Undergraduate,https://www.scholarshiptab.com/scholarships/victoria-university-of-wellington-bachelor-of-midwifery-scholarship-2027,https://www.scholarshiptab.com/scholarships/victoria-university-of-wellington-bachelor-of-midwifery-scholarship-2027
TD-0964,,Victoria University of Wellington,,Victoria University of Wellington International School-Leaver Excellence Scholarship 2027,,Auto-extracted (confirm deadline + link),International (open to Thais),Undergraduate,https://www.scholarshiptab.com/scholarships/victoria-university-of-wellington-international-school-leaver-excellence-scholarship-2027,https://www.scholarshiptab.com/scholarships/victoria-university-of-wellington-international-school-leaver-excellence-scholarship-2027
TD-0966,,DAAD,,DAAD Master of Laws in Intellectual Property and Competition Law (MIPLC) Scholarship 2027,,Auto-extracted (confirm deadline + link),International (open to Thais),Master's,https://www.scholarshiptab.com/scholarships/daad-master-of-laws-in-intellectual-property-and-competition-law-miplc-scholarship-2027,https://www.scholarshiptab.com/scholarships/daad-master-of-laws-in-intellectual-property-and-competition-law-miplc-scholarship-2027
TD-0976,,Hertie School,,Hertie African Scholars Programme 2027,,Auto-extracted (confirm deadline + link),International (open to Thais),Master's,https://www.scholarshiptab.com/scholarships/hertie-african-scholars-programme-2027,https://www.scholarshiptab.com/scholarships/hertie-african-scholars-programme-2027
TD-0983,,Ton Duc Thang University (TDTU),,TDTU Graduate Scholarship 2027,,Auto-extracted (confirm deadline + link),International (open to Thais),,https://www.scholarshiptab.com/scholarships/tdtu-graduate-scholarship-2027,https://www.scholarshiptab.com/scholarships/tdtu-graduate-scholarship-2027
TD-0984,,Curtin University,,Curtin Global Future Leaders Scholarship 2026 (Semester 2),,Auto-extracted (confirm deadline + link),International (open to Thais),Undergraduate,https://www.scholarshiptab.com/scholarships/curtin-global-future-leaders-scholarship-2026-semester-2,https://www.scholarshiptab.com/scholarships/curtin-global-future-leaders-scholarship-2026-semester-2
TD-0991,,Federal Polytechnic School of Lausanne (EPFL),,EPFL Master Excellence Fellowships 2027,,Auto-extracted (confirm deadline + link),International (open to Thais),Master's,https://www.scholarshiptab.com/scholarships/epfl-master-excellence-fellowships-2027,https://www.scholarshiptab.com/scholarships/epfl-master-excellence-fellowships-2027
TD-0996,,International Youth Library (IJB),,International Youth Library Fellowship Programme 2027,,Auto-extracted (confirm deadline + link),International (open to Thais),,https://www.scholarshiptab.com/scholarships/international-youth-library-fellowship-programme-2027,https://www.scholarshiptab.com/scholarships/international-youth-library-fellowship-programme-2027
TD-0998,,Global Brain Health Institute (GBHI),,Atlantic Fellows for Equity in Brain Health 2027-2028,,Auto-extracted (confirm deadline + link),International (open to Thais),,https://www.scholarshiptab.com/scholarships/atlantic-fellows-for-equity-in-brain-health-2027-2028,https://www.scholarshiptab.com/scholarships/atlantic-fellows-for-equity-in-brain-health-2027-2028
TD-1003,,McGuire Law Firm,,McGuire Law Firm Scholarship 2026,,Auto-extracted (confirm deadline + link),International (open to Thais),Undergraduate,https://www.scholarshiptab.com/scholarships/mcguire-law-firm-scholarship-2026,https://www.scholarshiptab.com/scholarships/mcguire-law-firm-scholarship-2026
TD-1004,,DAAD,,DAAD/EPOS Scholarships for Young Professionals from Developing Countries 2027,,Auto-extracted (confirm deadline + link),International (open to Thais),Master's,https://www.scholarshiptab.com/scholarships/daad-epos-scholarships-for-young-professionals-from-developing-countries-2026,https://www.scholarshiptab.com/scholarships/daad-epos-scholarships-for-young-professionals-from-developing-countries-2026
TD-1010,,University Of Kent,,Kent Business School MBA Scholarship September 2026,,Auto-extracted (confirm deadline + link),International (open to Thais),,https://www.scholarshiptab.com/scholarships/kent-business-school-mba-scholarship-september-2026,https://www.scholarshiptab.com/scholarships/kent-business-school-mba-scholarship-september-2026
TD-1013,,University of Hohenheim,,University of Hohenheim STIBET Scholarship 2026,,Auto-extracted (confirm deadline + link),International (open to Thais),Undergraduate,https://www.scholarshiptab.com/scholarships/university-of-hohenheim-stibet-scholarship-2026,https://www.scholarshiptab.com/scholarships/university-of-hohenheim-stibet-scholarship-2026
TD-1022,,La Trobe University,,La Trobe Health Innovation Scholarship 2026/2027,,Auto-extracted (confirm deadline + link),International (open to Thais),Master's,https://www.scholarshiptab.com/scholarships/la-trobe-health-innovation-scholarship-2026-2027,https://www.scholarshiptab.com/scholarships/la-trobe-health-innovation-scholarship-2026-2027
TD-1023,,German University Foundation (DUS),,TANDEM Scholarship 2026,,Auto-extracted (confirm deadline + link),International (open to Thais),Undergraduate,https://www.scholarshiptab.com/scholarships/tandem-scholarship-2026,https://www.scholarshiptab.com/scholarships/tandem-scholarship-2026
TD-1025,,University Of British Columbia,,University of British Columbia MBA Scholarships 2027,,Auto-extracted (confirm deadline + link),International (open to Thais),,https://www.scholarshiptab.com/scholarships/university-of-british-columbia-mba-scholarships-2027,https://www.scholarshiptab.com/scholarships/university-of-british-columbia-mba-scholarships-2027
TD-1029,,American-Scandinavian Foundation (ASF),,American-Scandinavian Foundation Fellowships 2026-2027,,Auto-extracted (confirm deadline + link),International (open to Thais),,https://www.scholarshiptab.com/scholarships/american-scandinavian-foundation-fellowships-2026-2027,https://www.scholarshiptab.com/scholarships/american-scandinavian-foundation-fellowships-2026-2027
TD-1031,,Government of Canada,,Canada Graduate Research Scholarship 2027,,Auto-extracted (confirm deadline + link),International (open to Thais),PhD,https://www.scholarshiptab.com/scholarships/canada-graduate-research-scholarship-2027,https://www.scholarshiptab.com/scholarships/canada-graduate-research-scholarship-2027
TD-1035,,University of New South Wales (UNSW),,UNSW Exchange Scholarships & Awards for 2026,,Auto-extracted (confirm deadline + link),International (open to Thais),Undergraduate,https://www.scholarshiptab.com/scholarships/unsw-exchange-scholarships-awards-for-2026,https://www.scholarshiptab.com/scholarships/unsw-exchange-scholarships-awards-for-2026
TD-1037,,Institute of Science and Technology Austria (ISTA),,ISTA-Fellow Postdoctoral Program 2027,,Auto-extracted (confirm deadline + link),International (open to Thais),,https://www.scholarshiptab.com/scholarships/ista-fellow-postdoctoral-program-2027,https://www.scholarshiptab.com/scholarships/ista-fellow-postdoctoral-program-2027
TD-1040,,"University of Queensland, Australia",,University of Queensland Graduate Research School Scholarships (UQGRSS) 2027,,Auto-extracted (confirm deadline + link),International (open to Thais),,https://www.scholarshiptab.com/scholarships/university-of-queensland-graduate-research-school-scholarships-uqgrss-2027,https://www.scholarshiptab.com/scholarships/university-of-queensland-graduate-research-school-scholarships-uqgrss-2027
TD-1041,,University of Galway,,University of Galway Postgraduate Excellence Scholarship 2026,,Auto-extracted (confirm deadline + link),International (open to Thais),,https://www.scholarshiptab.com/scholarships/university-of-galway-postgraduate-excellence-scholarship-2026,https://www.scholarshiptab.com/scholarships/university-of-galway-postgraduate-excellence-scholarship-2026
TD-1045,,Kochi University of Technology (KUT),,Kochi University Special Scholarship Program 2027,,Auto-extracted (confirm deadline + link),International (open to Thais),PhD,https://www.scholarshiptab.com/scholarships/kochi-university-special-scholarship-program-2027,https://www.scholarshiptab.com/scholarships/kochi-university-special-scholarship-program-2027
TD-1050,,MasterCard Foundation,,Mastercard Foundation Scholarship at Ashesi University 2027,,Auto-extracted (confirm deadline + link),International (open to Thais),Master's,https://www.scholarshiptab.com/scholarships/mastercard-foundation-scholarship-at-ashesi-university-2027,https://www.scholarshiptab.com/scholarships/mastercard-foundation-scholarship-at-ashesi-university-2027
TD-1051,,One Young World,,Leading Scholarship 2026,,Auto-extracted (confirm deadline + link),International (open to Thais),,https://www.scholarshiptab.com/scholarships/leading-scholarship-2026,https://www.scholarshiptab.com/scholarships/leading-scholarship-2026
TD-1061,,Fairleigh Dickinson University (FDU),,Fairleigh Dickinson University Scholarships 2026,,Auto-extracted (confirm deadline + link),International (open to Thais),Undergraduate,https://www.scholarshiptab.com/scholarships/fairleigh-dickinson-university-scholarships-2026,https://www.scholarshiptab.com/scholarships/fairleigh-dickinson-university-scholarships-2026
TD-1063,,Merck,,Merck Research Grants 2026,,Auto-extracted (confirm deadline + link),International (open to Thais),,https://www.scholarshiptab.com/scholarships/merck-research-grants-2026,https://www.scholarshiptab.com/scholarships/merck-research-grants-2026
TD-1064,,African Leadership Academy,,African Leadership Academy (ALA) 2027,,Auto-extracted (confirm deadline + link),International (open to Thais),High school,https://www.scholarshiptab.com/scholarships/african-leadership-academy-ala-2027,https://www.scholarshiptab.com/scholarships/african-leadership-academy-ala-2027
TD-1070,,Federation University Australia,,Federation University Oxidation Behaviour of Broken Ore PhD Scholarship 2026,,Auto-extracted (confirm deadline + link),International (open to Thais),PhD,https://www.scholarshiptab.com/scholarships/federation-university-oxidation-behaviour-of-broken-ore-phd-scholarship-2026,https://www.scholarshiptab.com/scholarships/federation-university-oxidation-behaviour-of-broken-ore-phd-scholarship-2026
TD-1071,,Federation University Australia,,Federation University Bridging The Distance PhD Scholarship 2026,,Auto-extracted (confirm deadline + link),International (open to Thais),PhD,https://www.scholarshiptab.com/scholarships/federation-university-bridging-the-distance-phd-scholarship-2026,https://www.scholarshiptab.com/scholarships/federation-university-bridging-the-distance-phd-scholarship-2026
TD-1073,,University of New South Wales (UNSW),,"UNSW Minerals and Energy Resources Engineering Scholarships for Students Commencing Term 1, 2027",,Auto-extracted (confirm deadline + link),International (open to Thais),Undergraduate,https://www.scholarshiptab.com/scholarships/unsw-minerals-and-energy-resources-engineering-scholarships-for-students-commencing-term-1-2027,https://www.scholarshiptab.com/scholarships/unsw-minerals-and-energy-resources-engineering-scholarships-for-students-commencing-term-1-2027
TD-1074,,University of Western Australia (UWA),,UWA Engineering Excellence Scholarship 2027,,Auto-extracted (confirm deadline + link),International (open to Thais),Undergraduate,https://www.scholarshiptab.com/scholarships/uwa-engineering-excellence-scholarship-2027,https://www.scholarshiptab.com/scholarships/uwa-engineering-excellence-scholarship-2027
TD-1075,,Atlantic Technological University (ATU),,ATU Pre-Entry Scholarships for Talented Student Athletes 2026,,Auto-extracted (confirm deadline + link),International (open to Thais),Undergraduate,https://www.scholarshiptab.com/scholarships/atu-pre-entry-scholarships-for-talented-student-athletes-2026,https://www.scholarshiptab.com/scholarships/atu-pre-entry-scholarships-for-talented-student-athletes-2026
TD-1076,,Atlantic Technological University (ATU),,ATU Post-entry Scholarships for Talented Student Athletes 2026,,Auto-extracted (confirm deadline + link),International (open to Thais),Undergraduate,https://www.scholarshiptab.com/scholarships/atu-post-entry-scholarships-for-talented-student-athletes-2026,https://www.scholarshiptab.com/scholarships/atu-post-entry-scholarships-for-talented-student-athletes-2026
TD-1078,,Heinrich Böll Foundation,,Heinrich Boll Foundation Scholarship 2027,,Auto-extracted (confirm deadline + link),International (open to Thais),,https://www.scholarshiptab.com/scholarships/heinrich-boll-foundation-scholarship-2027,https://www.scholarshiptab.com/scholarships/heinrich-boll-foundation-scholarship-2027
TD-1079,,Okinawa Institute of Science and Technology (OIST),,OIST Visiting Program 2027,,Auto-extracted (confirm deadline + link),International (open to Thais),,https://www.scholarshiptab.com/scholarships/oist-s-visiting-program-2027,https://www.scholarshiptab.com/scholarships/oist-s-visiting-program-2027
TD-1084,,University Of Huddersfield,,University of Huddersfield Computing and Engineering Fee Waiver Scholarships 26/27,,Auto-extracted (confirm deadline + link),International (open to Thais),,https://www.scholarshiptab.com/scholarships/university-of-huddersfield-computing-and-engineering-fee-waiver-scholarships-26-27,https://www.scholarshiptab.com/scholarships/university-of-huddersfield-computing-and-engineering-fee-waiver-scholarships-26-27
TD-1086,,Editing Press,,Laura Bassi Scholarship 2026,,Auto-extracted (confirm deadline + link),International (open to Thais),,https://www.scholarshiptab.com/scholarships/laura-bassi-scholarship-2026,https://www.scholarshiptab.com/scholarships/laura-bassi-scholarship-2026
TD-1093,,RMIT University,,RMIT University Research Stipend Scholarships 2027,,Auto-extracted (confirm deadline + link),International (open to Thais),,https://www.scholarshiptab.com/scholarships/rmit-university-research-stipend-scholarships-2027,https://www.scholarshiptab.com/scholarships/rmit-university-research-stipend-scholarships-2027
TD-1095,,University of Adger (UiA),,University of Adger NOK 15000 Scholarship 2026,,Auto-extracted (confirm deadline + link),International (open to Thais),Master's,https://www.scholarshiptab.com/scholarships/university-of-adger-nok-15000-scholarship-2026,https://www.scholarshiptab.com/scholarships/university-of-adger-nok-15000-scholarship-2026
TD-1099,,University of Helsinki,,University of Helsinki RESDOC Framework and Funding 2026,,Auto-extracted (confirm deadline + link),International (open to Thais),PhD,https://www.scholarshiptab.com/scholarships/university-of-helsinki-resdoc-framework-and-funding-2026,https://www.scholarshiptab.com/scholarships/university-of-helsinki-resdoc-framework-and-funding-2026
TD-1103,,Vodacom,,Vodacom Discover Graduate Programme 2027,,Auto-extracted (confirm deadline + link),International (open to Thais),,https://www.scholarshiptab.com/scholarships/vodacom-discover-graduate-programme-2027,https://www.scholarshiptab.com/scholarships/vodacom-discover-graduate-programme-2027
TD-1105,,Government of Slovak Republic,,National Scholarship Programme 2026 (Government of Slovak Scholarship),,Auto-extracted (confirm deadline + link),International (open to Thais),,https://www.scholarshiptab.com/scholarships/national-scholarship-programme-2026-government-of-slovak-scholarship,https://www.scholarshiptab.com/scholarships/national-scholarship-programme-2026-government-of-slovak-scholarship
TD-1106,,Expatrio Global Services GmbH,,The Expatrio Scholarship 2026,,Auto-extracted (confirm deadline + link),International (open to Thais),,https://www.scholarshiptab.com/scholarships/the-expatrio-scholarship-2026,https://www.scholarshiptab.com/scholarships/the-expatrio-scholarship-2026
TD-1114,,RMIT University,,RMIT University Vice-Chancellor's PhD Scholarship (VCPS) 2027,,Auto-extracted (confirm deadline + link),International (open to Thais),PhD,https://www.scholarshiptab.com/scholarships/rmit-university-vice-chancellor-s-phd-scholarship-vcps-2027,https://www.scholarshiptab.com/scholarships/rmit-university-vice-chancellor-s-phd-scholarship-vcps-2027
TD-1116,,University of the Arts London,,"UAL Home Postgraduate £7,000 Scholarships 2026",,Auto-extracted (confirm deadline + link),International (open to Thais),Master's,https://www.scholarshiptab.com/scholarships/ual-home-postgraduate-7-000-scholarships-2026,https://www.scholarshiptab.com/scholarships/ual-home-postgraduate-7-000-scholarships-2026
TD-1119,,South African National Roads Agency SOC Limited (SANRAL),,SANRAL Scholarship Programme 2026,,Auto-extracted (confirm deadline + link),International (open to Thais),High school,https://www.scholarshiptab.com/scholarships/sanral-scholarship-programme-2026,https://www.scholarshiptab.com/scholarships/sanral-scholarship-programme-2026
TD-1122,,Stanford University,,Knight Hennessy Scholars at Standford University 2027,,Auto-extracted (confirm deadline + link),International (open to Thais),,https://www.scholarshiptab.com/scholarships/kinight-hennessy-scholars-at-standford-university-2027,https://www.scholarshiptab.com/scholarships/kinight-hennessy-scholars-at-standford-university-2027
TD-1129,,Aarhus University,,Danish State Scholarships at Aarhaus University 2026-2027,,Auto-extracted (confirm deadline + link),International (open to Thais),Master's,https://www.scholarshiptab.com/scholarships/danish-state-scholarships-at-aarhaus-university-2026-2027,https://www.scholarshiptab.com/scholarships/danish-state-scholarships-at-aarhaus-university-2026-2027
TD-1132,,Victoria University of Wellington,,Wellington Doctoral Scholarship 2026,,Auto-extracted (confirm deadline + link),International (open to Thais),PhD,https://www.scholarshiptab.com/scholarships/wellington-doctoral-scholarship-2026,https://www.scholarshiptab.com/scholarships/wellington-doctoral-scholarship-2026
TD-1133,,Canon,,Canon Foundation in Europe Research Fellowships 2027,,Auto-extracted (confirm deadline + link),International (open to Thais),,https://www.scholarshiptab.com/scholarships/canon-foundation-in-europe-research-fellowships-2027,https://www.scholarshiptab.com/scholarships/canon-foundation-in-europe-research-fellowships-2027
TD-1134,,Canon,,Canon Foundation Japan-Africa Programme 2027,,Auto-extracted (confirm deadline + link),International (open to Thais),,https://www.scholarshiptab.com/scholarships/canon-foundation-japan-africa-programme-2027,https://www.scholarshiptab.com/scholarships/canon-foundation-japan-africa-programme-2027
TD-1136,,Loughborough University UK,,Loughborough University Postgrad Solutions Bursary 2026/27,,Auto-extracted (confirm deadline + link),International (open to Thais),,https://www.scholarshiptab.com/scholarships/loughborough-university-postgrad-solutions-bursary-2026-27,https://www.scholarshiptab.com/scholarships/loughborough-university-postgrad-solutions-bursary-2026-27
TD-1139,,South African National Space Agency (SANSA),,SANSA Postgraduate Bursaries For Stem 2027,,Auto-extracted (confirm deadline + link),International (open to Thais),,https://www.scholarshiptab.com/scholarships/sansa-postgraduate-bursaries-for-stem-2027,https://www.scholarshiptab.com/scholarships/sansa-postgraduate-bursaries-for-stem-2027
TD-1144,,Chulabhorn Graduate Institute (CGI),,Chulabhorn Graduate Institute Post-graduate Scholarship 2027,,Auto-extracted (confirm deadline + link),International (open to Thais),,https://www.scholarshiptab.com/scholarships/chulabhorn-graduate-institute-post-graduate-scholarship-2027,https://www.scholarshiptab.com/scholarships/chulabhorn-graduate-institute-post-graduate-scholarship-2027
TD-1152,,Canadian University Dubai,,Canadian University Dubai Scholarships 2026,,Auto-extracted (confirm deadline + link),International (open to Thais),Undergraduate,https://www.scholarshiptab.com/scholarships/canadian-university-dubai-scholarships-2026,https://www.scholarshiptab.com/scholarships/canadian-university-dubai-scholarships-2026
TD-1175,,Douglas College,,Douglas University Entrance Scholarship 2026 (Scholarship in Canada),,Auto-extracted (confirm deadline + link),International (open to Thais),Undergraduate,https://www.scholarshiptab.com/scholarships/douglas-university-entrance-scholarship-2026-scholarship-in-canada,https://www.scholarshiptab.com/scholarships/douglas-university-entrance-scholarship-2026-scholarship-in-canada
TD-1176,,Hokkaido University,,Hokkaido University MEXT Scholarship 2027 (Scholarship in Japan),,Auto-extracted (confirm deadline + link),International (open to Thais),,https://www.scholarshiptab.com/scholarships/hokkaido-university-mext-scholarship-2027-scholarship-in-japan,https://www.scholarshiptab.com/scholarships/hokkaido-university-mext-scholarship-2027-scholarship-in-japan
TD-1178,,Leiden University,,Leiden University Children's Rights Scholarship 2027 (Study in Netherlands),,Auto-extracted (confirm deadline + link),International (open to Thais),Master's,https://www.scholarshiptab.com/scholarships/leiden-university-children-s-rights-scholarship-2027-study-in-netherlands,https://www.scholarshiptab.com/scholarships/leiden-university-children-s-rights-scholarship-2027-study-in-netherlands
TD-1180,,Leiden University,,Leiden University Minerva Scholarship Fund 2026 (Scholarship in Netherlands),,Auto-extracted (confirm deadline + link),International (open to Thais),Undergraduate,https://www.scholarshiptab.com/scholarships/leiden-university-minerva-scholarship-fund-2026,https://www.scholarshiptab.com/scholarships/leiden-university-minerva-scholarship-fund-2026
TD-1183,,Heidelberg University,,Amirana Scholarship 2026 at Heidelberg University,,Auto-extracted (confirm deadline + link),International (open to Thais),Undergraduate,https://www.scholarshiptab.com/scholarships/amirana-scholarship-2026-at-heidelberg-university,https://www.scholarshiptab.com/scholarships/amirana-scholarship-2026-at-heidelberg-university
TD-1184,,German Academic Scholarship Foundation (Studienstiftung),,Haniel Scholarship Program 2026,,Auto-extracted (confirm deadline + link),International (open to Thais),,https://www.scholarshiptab.com/scholarships/haniel-scholarship-program-2026,https://www.scholarshiptab.com/scholarships/haniel-scholarship-program-2026
TD-1189,,Bond University,,Bond University Transformer Scholarship 2026 (Scholarship in Australia),,Auto-extracted (confirm deadline + link),International (open to Thais),Undergraduate,https://www.scholarshiptab.com/scholarships/bond-university-transformer-scholarship-2026-scholarship-in-australia,https://www.scholarshiptab.com/scholarships/bond-university-transformer-scholarship-2026-scholarship-in-australia
TD-1190,,Iowa State University (ISU),,IOWA International Merit Scholarships 2026 (Scholarship in US),,Auto-extracted (confirm deadline + link),International (open to Thais),Undergraduate,https://www.scholarshiptab.com/scholarships/iowa-international-merit-scholarships-2026-scholarship-in-us,https://www.scholarshiptab.com/scholarships/iowa-international-merit-scholarships-2026-scholarship-in-us
TD-1191,,University of Iowa,,University of Iowa Merit-based Scholarships 2026 (Scholarship in USA),,Auto-extracted (confirm deadline + link),International (open to Thais),Undergraduate,https://www.scholarshiptab.com/scholarships/university-of-iowa-merit-based-scholarships-2026-scholarship-in-usa,https://www.scholarshiptab.com/scholarships/university-of-iowa-merit-based-scholarships-2026-scholarship-in-usa
TD-1192,,Bond University,,Bond University Leadership Scholarship 2026 (Scholarship in Australia),,Auto-extracted (confirm deadline + link),International (open to Thais),Undergraduate,https://www.scholarshiptab.com/scholarships/bond-university-leadership-scholarship-2026,https://www.scholarshiptab.com/scholarships/bond-university-leadership-scholarship-2026
TD-1194,,James Cook University,,JCU Higher Degree by Research (HDR) Scholarships 2027,,Auto-extracted (confirm deadline + link),International (open to Thais),,https://www.scholarshiptab.com/scholarships/jcu-hdr-scholarships-for-international-candidates-2027,https://www.scholarshiptab.com/scholarships/jcu-hdr-scholarships-for-international-candidates-2027
TD-1196,,Monash University,,Monash University Research Training Program (RTP) Fees-Offset 2026,,Auto-extracted (confirm deadline + link),International (open to Thais),,https://www.scholarshiptab.com/scholarships/monash-university-research-training-program-rtp-fees-offset-2026,https://www.scholarshiptab.com/scholarships/monash-university-research-training-program-rtp-fees-offset-2026
TD-1199,,University of Winnipeg,,University of Winnipeg President's Scholarship for World Leaders 2026-2027,,Auto-extracted (confirm deadline + link),International (open to Thais),Undergraduate,https://www.scholarshiptab.com/scholarships/university-of-winnipeg-president-s-scholarship-for-world-leaders-2026-2027,https://www.scholarshiptab.com/scholarships/university-of-winnipeg-president-s-scholarship-for-world-leaders-2026-2027
TD-1200,,University of Sussex,,University of Sussex Undergraduate Enrichment Award 2026,,Auto-extracted (confirm deadline + link),International (open to Thais),Undergraduate,https://www.scholarshiptab.com/scholarships/university-of-sussex-undergraduate-enrichment-award-2026,https://www.scholarshiptab.com/scholarships/university-of-sussex-undergraduate-enrichment-award-2026
TD-1201,,University of Western Australia (UWA),,UWA Fully funded PhD scholarships in Computer Vision and Deep Learning (Domestic & International students) 2026,,Auto-extracted (confirm deadline + link),International (open to Thais),PhD,https://www.scholarshiptab.com/scholarships/uwa-fully-funded-phd-scholarships-in-computer-vision-and-deep-learning-domestic-international-students-2026,https://www.scholarshiptab.com/scholarships/uwa-fully-funded-phd-scholarships-in-computer-vision-and-deep-learning-domestic-international-students-2026
TD-1202,,mikeroweWORKS Foundation,,Mike Rowe Work Ethic Scholarship 2026 (Scholarship for Americans),,Auto-extracted (confirm deadline + link),International (open to Thais),High school,https://www.scholarshiptab.com/scholarships/mike-rowe-work-ethic-scholarship-2026-scholarship-for-americans,https://www.scholarshiptab.com/scholarships/mike-rowe-work-ethic-scholarship-2026-scholarship-for-americans
TD-1204,,Florida Government,,Florida Government Bright Futures Scholarship Program 2026,,Auto-extracted (confirm deadline + link),International (open to Thais),Undergraduate,https://www.scholarshiptab.com/scholarships/florida-government-bright-futures-scholarship-program-2026,https://www.scholarshiptab.com/scholarships/florida-government-bright-futures-scholarship-program-2026
TD-1205,,University of Melbourne,,University of Melbourne Humanitarian Access Scholarship 2027 (Scholarship in Australia),,Auto-extracted (confirm deadline + link),International (open to Thais),Undergraduate,https://www.scholarshiptab.com/scholarships/university-of-melbourne-humanitarian-access-scholarship-2026-scholarship-in-australia,https://www.scholarshiptab.com/scholarships/university-of-melbourne-humanitarian-access-scholarship-2026-scholarship-in-australia
TD-1206,,Adelaide University,,Adelaide University G.O. Lawrence Scholarship 2027,,Auto-extracted (confirm deadline + link),International (open to Thais),PhD,https://www.scholarshiptab.com/scholarships/adelaide-university-g-o-lawrence-scholarship-2027,https://www.scholarshiptab.com/scholarships/adelaide-university-g-o-lawrence-scholarship-2027
TD-1207,,University of Otago,,University of Otago International Partnership Scholarship 2026,,Auto-extracted (confirm deadline + link),International (open to Thais),Undergraduate,https://www.scholarshiptab.com/scholarships/university-of-otago-international-partnership-scholarship-2026,https://www.scholarshiptab.com/scholarships/university-of-otago-international-partnership-scholarship-2026
TD-1208,,University of Otago,,University of Otago Global Scholarships 2026,,Auto-extracted (confirm deadline + link),International (open to Thais),Undergraduate,https://www.scholarshiptab.com/scholarships/university-of-otago-global-scholarships-2026-2027,https://www.scholarshiptab.com/scholarships/university-of-otago-global-scholarships-2026-2027
TD-1209,,Canterbury Christ Church University (CCCU),,Canterbury Christ Church University Bell Scholarship 2026,,Auto-extracted (confirm deadline + link),International (open to Thais),Undergraduate,https://www.scholarshiptab.com/scholarships/canterbury-church-of-christ-bell-scholarship-2026,https://www.scholarshiptab.com/scholarships/canterbury-church-of-christ-bell-scholarship-2026
TD-1213,,Europa-Universität Flensburg (EUF),,Call for Ph.D. Candidates in Peace and Conflict Resolution 2026 (Scholarship in Germany),,Auto-extracted (confirm deadline + link),International (open to Thais),PhD,https://www.scholarshiptab.com/scholarships/call-for-ph-d-candidates-in-peace-and-conflict-resolution-2026,https://www.scholarshiptab.com/scholarships/call-for-ph-d-candidates-in-peace-and-conflict-resolution-2026
TD-1214,,Cecil Renaud,,CECIL Renaud Overseas Scholarship 2027 (Scholarship in UK),,Auto-extracted (confirm deadline + link),International (open to Thais),,https://www.scholarshiptab.com/scholarships/cecil-renaud-overseas-scholarship-2027-scholarship-in-uk,https://www.scholarshiptab.com/scholarships/cecil-renaud-overseas-scholarship-2027-scholarship-in-uk
TD-1217,,Boston University,,Boston University Merit Scholarships for First-Year Students 2026,,Auto-extracted (confirm deadline + link),International (open to Thais),Undergraduate,https://www.scholarshiptab.com/scholarships/boston-university-merit-scholarships-for-first-year-students-2026,https://www.scholarshiptab.com/scholarships/boston-university-merit-scholarships-for-first-year-students-2026
TD-1221,,University Of Canterbury,,UC Doctoral Scholarship 2026,,Auto-extracted (confirm deadline + link),International (open to Thais),PhD,https://www.scholarshiptab.com/scholarships/uc-doctoral-scholarship-2026,https://www.scholarshiptab.com/scholarships/uc-doctoral-scholarship-2026
TD-1223,,Australian Catholic University (ACU),,ACU Research Training Program (RTP) Stipend Scholarship 2026,,Auto-extracted (confirm deadline + link),International (open to Thais),,https://www.scholarshiptab.com/scholarships/acu-research-training-program-rtp-stipend-scholarship-2027,https://www.scholarshiptab.com/scholarships/acu-research-training-program-rtp-stipend-scholarship-2027
TD-1237,,Barry Goldwater Scholarship and Excellence in Education Foundation,,Barry Goldwater Scholarship and Excellence in Education 2027,,Auto-extracted (confirm deadline + link),International (open to Thais),Undergraduate,https://www.scholarshiptab.com/scholarships/barry-goldwater-scholarship-and-excellence-in-education-2027,https://www.scholarshiptab.com/scholarships/barry-goldwater-scholarship-and-excellence-in-education-2027
TD-1238,,Harry S. Truman Scholarship Foundation,,Harry S. Truman Scholarship 2026,,Auto-extracted (confirm deadline + link),International (open to Thais),,https://www.scholarshiptab.com/scholarships/harry-s-truman-scholarship-2026,https://www.scholarshiptab.com/scholarships/harry-s-truman-scholarship-2026
TD-1246,,European Union (EU),,Marie Sklodowska-Curie Actions Postdoctoral Fellowships 2026,,Auto-extracted (confirm deadline + link),International (open to Thais),,https://www.scholarshiptab.com/scholarships/marie-skodowska-curie-actions-postdoctoral-fellowships-2026,https://www.scholarshiptab.com/scholarships/marie-skodowska-curie-actions-postdoctoral-fellowships-2026
TD-1271,,Central Queensland University (CQUniversity),,CQUniversity ASEAN Student Scholarship 2026,,Auto-extracted (confirm deadline + link),International (open to Thais),Undergraduate,https://www.scholarshiptab.com/scholarships/cquniversity-asean-student-scholarship-2026,https://www.scholarshiptab.com/scholarships/cquniversity-asean-student-scholarship-2026
TD-1273,,Central South University (CSU),,Central South University International Chinese Language Teachers Scholarship 2026/2027,,Auto-extracted (confirm deadline + link),International (open to Thais),,https://www.scholarshiptab.com/scholarships/central-south-university-international-chinese-language-teachers-scholarship-2026-2027,https://www.scholarshiptab.com/scholarships/central-south-university-international-chinese-language-teachers-scholarship-2026-2027
TD-1274,,Federation University Australia,,Federation Merit Scholarship 2026,,Auto-extracted (confirm deadline + link),International (open to Thais),Undergraduate,https://www.scholarshiptab.com/scholarships/federation-merit-scholarship-2026,https://www.scholarshiptab.com/scholarships/federation-merit-scholarship-2026
TD-1275,,Charles Sturt University,,Charles Sturt University International Student Merit Scholarship 2026,,Auto-extracted (confirm deadline + link),International (open to Thais),Undergraduate,https://www.scholarshiptab.com/scholarships/charles-sturt-university-international-student-merit-scholarship-2026,https://www.scholarshiptab.com/scholarships/charles-sturt-university-international-student-merit-scholarship-2026
TD-1278,,MasterCard Foundation,,University of Pretoria Mastercard Foundation Scholarship 2026,,Auto-extracted (confirm deadline + link),International (open to Thais),,https://www.scholarshiptab.com/scholarships/university-of-pretoria-mastercard-foundation-scholarship-2026,https://www.scholarshiptab.com/scholarships/university-of-pretoria-mastercard-foundation-scholarship-2026
TD-1286,,Murdoch University,,Murdoch University Advanced Indonesian Language Travel Bursary 2026,,Auto-extracted (confirm deadline + link),International (open to Thais),,https://www.scholarshiptab.com/scholarships/murdoch-university-advanced-indonesian-language-travel-bursary-2026,https://www.scholarshiptab.com/scholarships/murdoch-university-advanced-indonesian-language-travel-bursary-2026
TD-1289,,Auckland University of Technology (AUT),,AUT Doctoral Scholarship 2026,,Auto-extracted (confirm deadline + link),International (open to Thais),PhD,https://www.scholarshiptab.com/scholarships/aut-doctoral-scholarship-2026,https://www.scholarshiptab.com/scholarships/aut-doctoral-scholarship-2026
TD-1294,,Teesside University,,Teesside University Brittan Scholarship 2026,,Auto-extracted (confirm deadline + link),International (open to Thais),Undergraduate,https://www.scholarshiptab.com/scholarships/teesside-university-brittan-scholarship-2026,https://www.scholarshiptab.com/scholarships/teesside-university-brittan-scholarship-2026
TD-1301,,University Of Kent,,Kent International Scholarship - September 2026,,Auto-extracted (confirm deadline + link),International (open to Thais),,https://www.scholarshiptab.com/scholarships/kent-international-scholarship-september-2026,https://www.scholarshiptab.com/scholarships/kent-international-scholarship-september-2026
TD-1304,,University Of Kent,,Kent International Scholarship (KBS)- September 2026,,Auto-extracted (confirm deadline + link),International (open to Thais),,https://www.scholarshiptab.com/scholarships/kent-international-scholarship-kbs-september-2026,https://www.scholarshiptab.com/scholarships/kent-international-scholarship-kbs-september-2026
TD-1305,,University of Dundee,,University of Dundee Vice Chancellor's Americas Undergraduate Scholarship (January 2027),,Auto-extracted (confirm deadline + link),International (open to Thais),Undergraduate,https://www.scholarshiptab.com/scholarships/university-of-dundee-vice-chancellor-s-americas-undergraduate-scholarship-january-2027,https://www.scholarshiptab.com/scholarships/university-of-dundee-vice-chancellor-s-americas-undergraduate-scholarship-january-2027
TD-1316,,University of Sussex,,University of Sussex MBA Impact Scholarship (2026),,Auto-extracted (confirm deadline + link),International (open to Thais),,https://www.scholarshiptab.com/scholarships/university-of-sussex-mba-impact-scholarship-2026,https://www.scholarshiptab.com/scholarships/university-of-sussex-mba-impact-scholarship-2026
TD-1317,,University of Surrey,,University of Surrey Newtons Undergraduate Scholarship in Mathematics 2026/27,,Auto-extracted (confirm deadline + link),International (open to Thais),Undergraduate,https://www.scholarshiptab.com/scholarships/university-of-surrey-newtons-undergraduate-scholarship-in-mathematics-2026-27,https://www.scholarshiptab.com/scholarships/university-of-surrey-newtons-undergraduate-scholarship-in-mathematics-2026-27
TD-1318,,University of Sussex,,Sussex Kenya Scholarship (Masters) (2026),,Auto-extracted (confirm deadline + link),International (open to Thais),Master's,https://www.scholarshiptab.com/scholarships/sussex-kenya-scholarship-masters-2026,https://www.scholarshiptab.com/scholarships/sussex-kenya-scholarship-masters-2026
TD-1319,,University of Sussex,,Sussex Nigeria Scholarship (Masters) (2026),,Auto-extracted (confirm deadline + link),International (open to Thais),Master's,https://www.scholarshiptab.com/scholarships/sussex-nigeria-scholarship-masters-2026,https://www.scholarshiptab.com/scholarships/sussex-nigeria-scholarship-masters-2026
TD-1325,,Lincoln University New Zealand,,Lincoln University Taught Master Merit Scholarship 2026,,Auto-extracted (confirm deadline + link),International (open to Thais),Master's,https://www.scholarshiptab.com/scholarships/lincoln-university-taught-master-merit-scholarship-2026,https://www.scholarshiptab.com/scholarships/lincoln-university-taught-master-merit-scholarship-2026
TD-1326,,University of Miami,,University of Miami Marta S. and L. Austin Weeks Endowed Scholarship 2026,,Auto-extracted (confirm deadline + link),International (open to Thais),Undergraduate,https://www.scholarshiptab.com/scholarships/university-of-miami-marta-s-and-l-austin-weeks-endowed-scholarship-2026,https://www.scholarshiptab.com/scholarships/university-of-miami-marta-s-and-l-austin-weeks-endowed-scholarship-2026
TD-1328,,Lincoln University New Zealand,,Lincoln University BECAL/UNZ Joint Scholarship Program 2026,,Auto-extracted (confirm deadline + link),International (open to Thais),PhD,https://www.scholarshiptab.com/scholarships/lincoln-university-becal-unz-joint-scholarship-program-2026,https://www.scholarshiptab.com/scholarships/lincoln-university-becal-unz-joint-scholarship-program-2026
TD-1329,,University of Otago,,University of Otago POPO Pacific Chemistry Scholarship 2026,,Auto-extracted (confirm deadline + link),International (open to Thais),Undergraduate,https://www.scholarshiptab.com/scholarships/university-of-otago-popo-pacific-chemistry-scholarship-2026,https://www.scholarshiptab.com/scholarships/university-of-otago-popo-pacific-chemistry-scholarship-2026
TD-1330,,University of Otago,,University of Otago Barusch Scholarship in Ageing Studies 2026,,Auto-extracted (confirm deadline + link),International (open to Thais),,https://www.scholarshiptab.com/scholarships/university-of-otago-barusch-scholarship-in-ageing-studies-2026,https://www.scholarshiptab.com/scholarships/university-of-otago-barusch-scholarship-in-ageing-studies-2026
TD-1331,,La Trobe University,,La Trobe Wominjeka - Study Abroad Scholarship 2026,,Auto-extracted (confirm deadline + link),International (open to Thais),Undergraduate,https://www.scholarshiptab.com/scholarships/la-trobe-wominjeka-study-abroad-scholarship-2026,https://www.scholarshiptab.com/scholarships/la-trobe-wominjeka-study-abroad-scholarship-2026
TD-1341,,Harvard University,,Harvard University MBA Scholarship 2027,,Auto-extracted (confirm deadline + link),International (open to Thais),,https://www.scholarshiptab.com/scholarships/harvard-university-mba-scholarship-in-usa-2027,https://www.scholarshiptab.com/scholarships/harvard-university-mba-scholarship-in-usa-2027
TD-1343,,Lincoln University New Zealand,,Lincoln University International Undergraduate Scholarship 2026,,Auto-extracted (confirm deadline + link),International (open to Thais),Undergraduate,https://www.scholarshiptab.com/scholarships/lincoln-university-international-undergraduate-scholarship-2026,https://www.scholarshiptab.com/scholarships/lincoln-university-international-undergraduate-scholarship-2026
TD-1345,,Lincoln University New Zealand,,Lincoln University International Pathway Merit Scholarship 2026,,Auto-extracted (confirm deadline + link),International (open to Thais),Undergraduate,https://www.scholarshiptab.com/scholarships/lincoln-university-international-pathway-merit-scholarship-2026,https://www.scholarshiptab.com/scholarships/lincoln-university-international-pathway-merit-scholarship-2026
TD-1346,,University of the Arts London,,"UAL International Postgraduate - 10,000 Scholarships 2026/27",,Auto-extracted (confirm deadline + link),International (open to Thais),,https://www.scholarshiptab.com/scholarships/ual-international-postgraduate-10-000-scholarships-2026-27,https://www.scholarshiptab.com/scholarships/ual-international-postgraduate-10-000-scholarships-2026-27
TD-1347,,Lincoln University New Zealand,,Lincoln University International School Leavers Scholarship 2026,,Auto-extracted (confirm deadline + link),International (open to Thais),Undergraduate,https://www.scholarshiptab.com/scholarships/lincoln-university-international-school-leavers-scholarship-2026,https://www.scholarshiptab.com/scholarships/lincoln-university-international-school-leavers-scholarship-2026
TD-1354,,European Southern Observatory (ESO),,European Southern Observatory (ESO) Science Communication Internship 2026,,Auto-extracted (confirm deadline + link),International (open to Thais),,https://www.scholarshiptab.com/scholarships/european-southern-observatory-eso-science-communication-internship-2026,https://www.scholarshiptab.com/scholarships/european-southern-observatory-eso-science-communication-internship-2026
TD-1371,,Flinders University,,Flinders University Professor Lowitja O'Donoghue Indigenous Student Postgraduate Research Scholarship 2026,,Auto-extracted (confirm deadline + link),International (open to Thais),,https://www.scholarshiptab.com/scholarships/flinders-university-professor-lowitja-o-donoghue-indigenous-student-postgraduate-research-scholarship-2026,https://www.scholarshiptab.com/scholarships/flinders-university-professor-lowitja-o-donoghue-indigenous-student-postgraduate-research-scholarship-2026
TD-1374,,University of Miami,,University of Miami Isaac Bashevis Singer Scholarship in USA 2026,,Auto-extracted (confirm deadline + link),International (open to Thais),Undergraduate,https://www.scholarshiptab.com/scholarships/university-of-miami-isaac-bashevis-singer-scholarship-in-usa-2026,https://www.scholarshiptab.com/scholarships/university-of-miami-isaac-bashevis-singer-scholarship-in-usa-2026
TD-1375,,University of Miami,,University of Miami Stamps Scholarship in USA 2026,,Auto-extracted (confirm deadline + link),International (open to Thais),Undergraduate,https://www.scholarshiptab.com/scholarships/university-of-miami-stamps-scholarship-in-usa-2026,https://www.scholarshiptab.com/scholarships/university-of-miami-stamps-scholarship-in-usa-2026
TD-1385,,Lincoln University New Zealand,,Lincoln University Undergraduate Vice-Chancellor's Scholarship 2026,,Auto-extracted (confirm deadline + link),International (open to Thais),Undergraduate,https://www.scholarshiptab.com/scholarships/lincoln-university-undergraduate-vice-chancellor-s-scholarship-2026,https://www.scholarshiptab.com/scholarships/lincoln-university-undergraduate-vice-chancellor-s-scholarship-2026
TD-1393,,Flinders University,,Flinders University PhD Industry Ready Internship Scholarship 2026,,Auto-extracted (confirm deadline + link),International (open to Thais),PhD,https://www.scholarshiptab.com/scholarships/flinders-university-phd-industry-ready-internship-scholarship-2026,https://www.scholarshiptab.com/scholarships/flinders-university-phd-industry-ready-internship-scholarship-2026
TD-1398,,University of Bradford,,University of Bradford Undergraduate Bursary Scheme 2026/27,,Auto-extracted (confirm deadline + link),International (open to Thais),Undergraduate,https://www.scholarshiptab.com/scholarships/university-of-bradford-undergraduate-bursary-scheme-2026-27,https://www.scholarshiptab.com/scholarships/university-of-bradford-undergraduate-bursary-scheme-2026-27
TD-1400,,University of Bradford,,University of Bradford Postgraduate Bursary 2026/27,,Auto-extracted (confirm deadline + link),International (open to Thais),,https://www.scholarshiptab.com/scholarships/university-of-bradford-postgraduate-bursary-2026-27,https://www.scholarshiptab.com/scholarships/university-of-bradford-postgraduate-bursary-2026-27
TD-1407,,"University of Queensland, Australia",,University of Queensland Qin Sirong and Yin Hongxiu Scholarship 2026,,Auto-extracted (confirm deadline + link),International (open to Thais),,https://www.scholarshiptab.com/scholarships/university-of-queensland-qin-sirong-and-yin-hongxiu-scholarship-2027,https://www.scholarshiptab.com/scholarships/university-of-queensland-qin-sirong-and-yin-hongxiu-scholarship-2027
TD-1410,,"University of Queensland, Australia",,Queensland Academy of Sport Top Up Scholarships 2026,,Auto-extracted (confirm deadline + link),International (open to Thais),,https://www.scholarshiptab.com/scholarships/queensland-academy-of-sport-top-up-scholarships-2026,https://www.scholarshiptab.com/scholarships/queensland-academy-of-sport-top-up-scholarships-2026
TD-1419,,University of Strathclyde,,University of Strathclyde SBS International Masters Scholarship 2026,,Auto-extracted (confirm deadline + link),International (open to Thais),Master's,https://www.scholarshiptab.com/scholarships/university-of-strathclyde-sbs-international-masters-scholarship-2026,https://www.scholarshiptab.com/scholarships/university-of-strathclyde-sbs-international-masters-scholarship-2026
TD-1420,,University of Strathclyde,,University of Strathclyde Humanities & Social Sciences International Masters Scholarships 2026,,Auto-extracted (confirm deadline + link),International (open to Thais),Master's,https://www.scholarshiptab.com/scholarships/university-of-strathclyde-humanities-social-sciences-international-masters-scholarships-september-2026,https://www.scholarshiptab.com/scholarships/university-of-strathclyde-humanities-social-sciences-international-masters-scholarships-september-2026
TD-1425,,La Trobe University,,La Trobe University High Achiever Scholarship in Australia 2026,,Auto-extracted (confirm deadline + link),International (open to Thais),Undergraduate,https://www.scholarshiptab.com/scholarships/la-trobe-university-high-achiever-scholarship-in-australia-2026,https://www.scholarshiptab.com/scholarships/la-trobe-university-high-achiever-scholarship-in-australia-2026
TD-1448,,African Union,,2026 African Union Internship Program,,Auto-extracted (confirm deadline + link),International (open to Thais),,https://www.scholarshiptab.com/scholarships/2026-african-union-internship-program,https://www.scholarshiptab.com/scholarships/2026-african-union-internship-program
TD-1455,,Flinders University,,"Flinders University 2026 Flinders Go Beyond Scholarship, Australia",,Auto-extracted (confirm deadline + link),International (open to Thais),Undergraduate,https://www.scholarshiptab.com/scholarships/flinders-university-2026-flinders-go-beyond-scholarship-australia,https://www.scholarshiptab.com/scholarships/flinders-university-2026-flinders-go-beyond-scholarship-australia
TD-1463,,Monash University,,2026 Monash University Raydon Graduate Research Scholarships,,Auto-extracted (confirm deadline + link),International (open to Thais),,https://www.scholarshiptab.com/scholarships/2026-monash-university-raydon-graduate-research-scholarships,https://www.scholarshiptab.com/scholarships/2026-monash-university-raydon-graduate-research-scholarships
TD-1475,,University of Melbourne,,University of Melbourne Arts Graduate Research Essentials Grant 2026,,Auto-extracted (confirm deadline + link),International (open to Thais),,https://www.scholarshiptab.com/scholarships/university-of-melbourne-arts-graduate-research-essentials-grant-2026,https://www.scholarshiptab.com/scholarships/university-of-melbourne-arts-graduate-research-essentials-grant-2026
TD-1478,,University of Exeter,,University of Exeter Graduate LLB Scholarship (Canada) 2026,,Auto-extracted (confirm deadline + link),International (open to Thais),,https://www.scholarshiptab.com/scholarships/university-of-exeter-graduate-llb-scholarship-canada-2026,https://www.scholarshiptab.com/scholarships/university-of-exeter-graduate-llb-scholarship-canada-2026
TD-1479,,Royal Bank of Canada (RBC),,Royal Bank of Canada (RBC) Ignite Scholarships 2026,,Auto-extracted (confirm deadline + link),International (open to Thais),,https://www.scholarshiptab.com/scholarships/royal-bank-of-canada-rbc-ignite-scholarships-2026,https://www.scholarshiptab.com/scholarships/royal-bank-of-canada-rbc-ignite-scholarships-2026
TD-1492,,University of Exeter,,University of Exeter LLB Scholarship (Canada) 2026,,Auto-extracted (confirm deadline + link),International (open to Thais),Undergraduate,https://www.scholarshiptab.com/scholarships/university-of-exeter-llb-scholarship-canada-2026,https://www.scholarshiptab.com/scholarships/university-of-exeter-llb-scholarship-canada-2026
TD-1508,,Edith Cowan University (ECU),,2026 Edith Cowan University Study Abroad Bursary,,Auto-extracted (confirm deadline + link),International (open to Thais),Undergraduate,https://www.scholarshiptab.com/scholarships/2026-edith-cowan-university-study-abroad-bursary,https://www.scholarshiptab.com/scholarships/2026-edith-cowan-university-study-abroad-bursary
TD-1525,,La Trobe University,,La Trobe University Dennis McDermott Research Scholarships 2026,,Auto-extracted (confirm deadline + link),International (open to Thais),,https://www.scholarshiptab.com/scholarships/la-trobe-university-dennis-mcdermott-research-scholarships-2026,https://www.scholarshiptab.com/scholarships/la-trobe-university-dennis-mcdermott-research-scholarships-2026
TD-1526,,La Trobe University,,2026 La Trobe Flexible Research Scholarship (FLEX),,Auto-extracted (confirm deadline + link),International (open to Thais),,https://www.scholarshiptab.com/scholarships/2026-la-trobe-flexible-research-scholarship-flex-candidates-with-disabilities,https://www.scholarshiptab.com/scholarships/2026-la-trobe-flexible-research-scholarship-flex-candidates-with-disabilities
TD-1550,,University of Strathclyde,,University of Strathclyde Faculty of Engineering International Scholarship for Masters Study 2026,,Auto-extracted (confirm deadline + link),International (open to Thais),Master's,https://www.scholarshiptab.com/scholarships/university-of-strathclyde-faculty-of-engineering-international-scholarship-for-masters-study-2026,https://www.scholarshiptab.com/scholarships/university-of-strathclyde-faculty-of-engineering-international-scholarship-for-masters-study-2026
TD-1564,,University of Melbourne,,University of Melbourne Indigenous Graduate Research Support Grant 2026,,Auto-extracted (confirm deadline + link),International (open to Thais),,https://www.scholarshiptab.com/scholarships/university-of-melbourne-indigenous-graduate-research-support-grant-2026,https://www.scholarshiptab.com/scholarships/university-of-melbourne-indigenous-graduate-research-support-grant-2026
TD-1567,,University of Lincoln,,2026/27 University of Lincoln Global Leaders Scholarship,,Auto-extracted (confirm deadline + link),International (open to Thais),,https://www.scholarshiptab.com/scholarships/2026-27-university-of-lincoln-global-leaders-scholarship,https://www.scholarshiptab.com/scholarships/2026-27-university-of-lincoln-global-leaders-scholarship
TD-1568,,University of Reading,,University of Reading Global Sustainability Leaders Scholarship 2026,,Auto-extracted (confirm deadline + link),International (open to Thais),Undergraduate,https://www.scholarshiptab.com/scholarships/university-of-reading-global-sustainability-leaders-scholarship-2026,https://www.scholarshiptab.com/scholarships/university-of-reading-global-sustainability-leaders-scholarship-2026
TD-1569,,Brunel University London,,2026 Brunel University of London Postgraduate International Bursary,,Auto-extracted (confirm deadline + link),International (open to Thais),,https://www.scholarshiptab.com/scholarships/2026-brunel-university-of-london-postgraduate-international-bursary,https://www.scholarshiptab.com/scholarships/2026-brunel-university-of-london-postgraduate-international-bursary
TD-1571,,La Trobe University,,La Trobe Artificial Intelligence Scholarship 2026,,Auto-extracted (confirm deadline + link),International (open to Thais),Undergraduate,https://www.scholarshiptab.com/scholarships/la-trobe-artificial-intelligence-scholarship-2026,https://www.scholarshiptab.com/scholarships/la-trobe-artificial-intelligence-scholarship-2026
TD-1572,,Brunel University London,,Brunel University Fee Reduction for Partnership Schools 2026,,Auto-extracted (confirm deadline + link),International (open to Thais),,https://www.scholarshiptab.com/scholarships/brunel-university-fee-reduction-for-partnership-schools-2026,https://www.scholarshiptab.com/scholarships/brunel-university-fee-reduction-for-partnership-schools-2026
TD-1573,,Curtin University,,John Curtin Global Excellence Scholarship 2026,,Auto-extracted (confirm deadline + link),International (open to Thais),Undergraduate,https://www.scholarshiptab.com/scholarships/john-curtin-global-excellence-scholarship-2026,https://www.scholarshiptab.com/scholarships/john-curtin-global-excellence-scholarship-2026
TD-1574,,Curtin University,,Curtin Global Talent Scholarship 2026,,Auto-extracted (confirm deadline + link),International (open to Thais),Undergraduate,https://www.scholarshiptab.com/scholarships/curtin-global-talent-scholarship-2026,https://www.scholarshiptab.com/scholarships/curtin-global-talent-scholarship-2026
TD-1576,,La Trobe University,,2026 La Trobe University Graduate Research PhD Project Scholarships,,Auto-extracted (confirm deadline + link),International (open to Thais),PhD,https://www.scholarshiptab.com/scholarships/2026-la-trobe-university-graduate-research-phd-project-scholarships,https://www.scholarshiptab.com/scholarships/2026-la-trobe-university-graduate-research-phd-project-scholarships
TD-1577,,La Trobe University,,La Trobe Early Acceptance Grant 2025/26,,Auto-extracted (confirm deadline + link),International (open to Thais),Undergraduate,https://www.scholarshiptab.com/scholarships/la-trobe-early-acceptance-grant-2025-26,https://www.scholarshiptab.com/scholarships/la-trobe-early-acceptance-grant-2025-26
TD-1578,,La Trobe University,,La Trobe Greater China Digital Health Scholarship 2026,,Auto-extracted (confirm deadline + link),International (open to Thais),Master's,https://www.scholarshiptab.com/scholarships/la-trobe-greater-china-digital-health-scholarship-2026,https://www.scholarshiptab.com/scholarships/la-trobe-greater-china-digital-health-scholarship-2026
TD-1581,,African Institute for Mathematical Sciences (AIMS),,AIMS South Africa AI in Science Postdoctoral Fellowship 2025,,Auto-extracted (confirm deadline + link),International (open to Thais),,https://www.scholarshiptab.com/scholarships/aims-south-africa-ai-in-science-postdoctoral-fellowship-2025,https://www.scholarshiptab.com/scholarships/aims-south-africa-ai-in-science-postdoctoral-fellowship-2025
TD-1582,,James Cook University,,JCU 2026 Bachelor of Veterinary Science Relocation Grant,,Auto-extracted (confirm deadline + link),International (open to Thais),Undergraduate,https://www.scholarshiptab.com/scholarships/jcu-2026-bachelor-of-veterinary-science-relocation-grant,https://www.scholarshiptab.com/scholarships/jcu-2026-bachelor-of-veterinary-science-relocation-grant
TD-1583,,CQUniversity Australia,,CQUniversity Australia 2025 International Merit Scholarship,,Auto-extracted (confirm deadline + link),International (open to Thais),,https://www.scholarshiptab.com/scholarships/cquniversity-2025-international-merit-scholarship,https://www.scholarshiptab.com/scholarships/cquniversity-2025-international-merit-scholarship
TD-1584,,La Trobe University,,La Trobe High Achiever Scholarship 2025 for International Student,,Auto-extracted (confirm deadline + link),International (open to Thais),,https://www.scholarshiptab.com/scholarships/la-trobe-high-achiever-scholarship-2025-for-international-student,https://www.scholarshiptab.com/scholarships/la-trobe-high-achiever-scholarship-2025-for-international-student
TD-1585,,La Trobe University,,La Trobe University 2025 Wominjeka - Study Abroad Scholarship,,Auto-extracted (confirm deadline + link),International (open to Thais),Undergraduate,https://www.scholarshiptab.com/scholarships/la-trobe-university-2025-wominjeka-study-abroad-scholarship,https://www.scholarshiptab.com/scholarships/la-trobe-university-2025-wominjeka-study-abroad-scholarship
TD-1586,,RMIT University,,2025 and 2026 RMIT English Language Bursary for Latin American Students at RMIT University,,Auto-extracted (confirm deadline + link),International (open to Thais),Undergraduate,https://www.scholarshiptab.com/scholarships/2025-and-2026-rmit-english-language-bursary-for-latin-american-students-at-rmit-university,https://www.scholarshiptab.com/scholarships/2025-and-2026-rmit-english-language-bursary-for-latin-american-students-at-rmit-university
